timestamp_us,ecg,leads,ir,red,accX,accY,accZ,gyroX,gyroY,gyroZ,temp
2419486,2139,1,210104,247483,0.00,0.00,0.00,0.00,0.00,0.00,0.00
2449957,2035,1,209724,248736,-0.57,-0.13,9.67,-0.04,0.01,-0.01,34.69
2490198,2035,1,209684,249612,-0.56,-0.15,9.95,-0.04,0.00,-0.01,34.69
2530187,2083,1,209146,249881,-0.56,-0.14,9.94,-0.04,0.01,-0.01,34.69
2570191,2085,1,208660,250060,-0.62,-0.14,10.02,-0.04,-0.01,-0.01,34.69
2610204,2088,1,208142,249881,-0.56,-0.14,9.95,-0.04,-0.01,-0.01,34.69
2650206,2227,1,207832,249604,-0.59,-0.14,9.96,-0.04,-0.01,-0.00,34.69
2690204,2045,1,207480,249417,-0.59,-0.14,9.95,-0.04,-0.00,-0.01,34.69
2730205,2309,1,206453,249116,-0.58,-0.15,9.96,-0.03,-0.01,-0.01,34.69
2770204,1894,1,206887,249137,-0.61,-0.12,9.97,-0.03,0.00,-0.01,34.69
2810191,1997,1,206869,249209,-0.60,-0.14,9.96,-0.03,-0.01,-0.01,34.69
2850203,2035,1,206893,249010,-0.59,-0.15,9.96,-0.04,-0.01,-0.01,34.69
2890213,2144,1,206718,248935,-0.58,-0.13,9.94,-0.03,-0.01,-0.01,34.69
2930204,2285,1,206541,248575,-0.59,-0.13,9.95,-0.03,-0.01,-0.00,34.69
2970205,2350,1,206308,247206,-0.57,-0.15,9.93,-0.03,-0.01,-0.00,34.69
3010203,1999,1,206167,246756,-0.58,-0.15,9.93,-0.04,-0.01,-0.01,34.69
3050205,1929,1,206019,246917,-0.59,-0.13,9.94,-0.04,-0.00,-0.01,34.69
3090220,1894,1,206005,247146,-0.57,-0.14,9.96,-0.03,-0.01,-0.01,34.69
3130205,1900,1,206136,247367,-0.57,-0.14,9.96,-0.04,-0.01,-0.01,34.69
3170204,1901,1,206188,247384,-0.60,-0.14,9.96,-0.04,-0.00,-0.01,34.69
3210205,1984,1,205813,247132,-0.57,-0.15,9.94,-0.04,0.00,-0.01,34.69
3250187,1938,1,205605,246987,-0.59,-0.15,9.96,-0.03,0.00,-0.01,34.69
3290190,1918,1,205578,246867,-0.60,-0.14,9.96,-0.04,-0.01,-0.00,34.69
3329204,3379,1,203420,246777,-0.58,-0.15,9.95,-0.04,-0.01,-0.01,34.69
3369205,1889,1,205187,246580,-0.59,-0.14,9.95,-0.04,-0.00,-0.01,34.69
3409202,1893,1,204919,246553,-0.59,-0.16,9.96,-0.04,-0.00,-0.01,34.69
3449204,2007,1,204896,246455,-0.58,-0.14,9.94,-0.04,-0.01,-0.00,34.69
3489889,2103,1,204961,246450,-0.58,-0.15,9.95,-0.04,-0.01,-0.01,34.69
3530205,2261,1,204920,245230,-0.59,-0.13,9.95,-0.04,-0.00,-0.01,34.69
3570203,2182,1,204409,243708,-0.61,-0.12,9.94,-0.04,-0.01,-0.01,34.69
3610205,1841,1,204414,243604,-0.59,-0.16,9.97,-0.03,-0.01,-0.01,34.69
3650203,1827,1,204441,243930,-0.59,-0.14,9.94,-0.03,-0.01,-0.01,34.69
3690205,1776,1,204682,244432,-0.57,-0.16,9.96,-0.04,-0.01,-0.01,34.69
3730204,1799,1,204860,245014,-0.56,-0.15,9.93,-0.03,-0.01,-0.01,34.69
3770205,1808,1,204911,245101,-0.58,-0.14,9.91,-0.04,-0.01,-0.01,34.69
3810204,1924,1,204976,245150,-0.59,-0.14,9.96,-0.04,-0.01,-0.01,34.69
3850205,1776,1,204910,245148,-0.57,-0.11,9.96,-0.04,-0.01,-0.00,34.69
3890203,2065,1,204214,245129,-0.59,-0.14,9.96,-0.03,-0.01,-0.01,34.69
3930205,1653,1,205160,245417,-0.57,-0.14,9.95,-0.04,-0.01,-0.01,34.69
3970204,1712,1,205223,245777,-0.60,-0.15,9.97,-0.03,-0.01,-0.01,34.69
4010205,1763,1,205326,246004,-0.59,-0.13,9.94,-0.03,-0.01,-0.01,34.69
4050203,1868,1,205359,246190,-0.57,-0.13,9.97,-0.04,-0.01,-0.00,34.69
4090224,2038,1,205470,245552,-0.59,-0.13,9.97,-0.04,-0.01,-0.01,34.69
4130204,2054,1,204888,243691,-0.56,-0.15,9.92,-0.04,-0.01,-0.01,34.69
4170205,1765,1,204511,243164,-0.56,-0.15,9.98,-0.03,-0.01,-0.01,34.69
4210203,1633,1,204710,243806,-0.58,-0.15,9.95,-0.04,-0.01,-0.00,34.69
4250205,1671,1,204909,244468,-0.58,-0.14,9.93,-0.04,-0.00,-0.01,34.69
4290203,1659,1,205060,245316,-0.58,-0.14,9.95,-0.04,-0.00,-0.01,34.69
4329204,1741,1,204640,245881,-0.59,-0.14,9.94,-0.04,0.00,-0.01,34.69
4369186,1862,1,204425,246141,-0.58,-0.13,9.95,-0.03,0.01,-0.01,34.69
4409190,1613,1,204317,246158,-0.61,-0.15,9.98,-0.04,0.00,-0.01,34.69
4449186,1391,1,204339,246169,-0.61,-0.15,9.96,-0.04,-0.01,-0.01,34.69
4489206,2083,1,204259,246247,-0.59,-0.15,9.98,-0.03,-0.02,-0.01,34.69
4529896,1392,1,204506,246411,-0.59,-0.15,9.94,-0.03,-0.01,-0.01,34.69
4570205,1507,1,204759,246536,-0.60,-0.15,9.95,-0.04,-0.00,-0.01,34.69
4610203,1705,1,204835,246756,-0.60,-0.15,9.97,-0.04,-0.00,-0.00,34.69
4650202,1317,1,204714,246271,-0.62,-0.15,9.94,-0.03,-0.02,-0.00,34.69
4690203,1888,1,204220,244012,-0.59,-0.13,9.95,-0.03,-0.02,-0.01,34.69
4730215,1856,1,203739,242982,-0.58,-0.14,9.95,-0.04,-0.01,-0.01,34.69
4770203,1808,1,203749,243315,-0.58,-0.15,9.92,-0.04,-0.01,-0.01,34.69
4810202,1661,1,203973,243983,-0.56,-0.14,9.95,-0.04,-0.00,-0.01,34.69
4850203,1535,1,204146,245032,-0.58,-0.15,9.93,-0.04,-0.00,-0.01,34.69
4890202,1625,1,204185,245751,-0.57,-0.13,9.93,-0.04,0.00,-0.01,34.69
4930189,1743,1,204226,245858,-0.59,-0.14,9.97,-0.04,-0.00,-0.01,34.69
4970202,1480,1,204311,245931,-0.59,-0.13,9.92,-0.04,-0.01,-0.01,34.69
5010203,1680,1,204366,246327,-0.59,-0.16,9.96,-0.04,-0.00,-0.01,34.69
5050205,3444,1,203052,246546,-0.58,-0.14,9.96,-0.03,0.00,-0.01,34.69
5090184,1595,1,204437,246807,-0.58,-0.15,9.93,-0.04,-0.00,-0.01,34.69
5130202,1625,1,204465,247007,-0.58,-0.13,9.96,-0.04,0.00,-0.01,34.69
5170184,1823,1,204633,247022,-0.62,-0.15,9.98,-0.04,-0.00,-0.01,34.69
5210202,2093,1,204478,246441,-0.62,-0.15,9.96,-0.03,-0.03,-0.01,34.69
5250203,2352,1,203983,244428,-0.58,-0.14,9.91,-0.03,-0.02,-0.01,34.69
5290202,2429,1,203393,243187,-0.58,-0.15,9.95,-0.03,-0.00,-0.01,34.69
5330203,2143,1,203142,243194,-0.59,-0.14,9.94,-0.03,0.00,-0.01,34.69
5369188,2064,1,202852,243658,-0.60,-0.15,9.94,-0.04,-0.00,-0.01,34.69
5409201,2106,1,202960,244368,-0.59,-0.16,9.93,-0.03,0.00,-0.01,34.69
5449231,2045,1,203304,244586,-0.60,-0.14,9.97,-0.04,-0.01,-0.01,34.69
5491203,2087,1,203522,244195,-0.61,-0.16,9.93,-0.04,-0.02,-0.00,34.69
5531889,1921,1,203660,243951,-0.60,-0.13,9.95,-0.03,-0.01,-0.01,34.61
5570203,1863,1,203645,244137,-0.59,-0.14,9.92,-0.03,-0.01,-0.01,34.61
5610205,3406,1,202763,244519,-0.56,-0.13,9.96,-0.03,-0.01,-0.01,34.61
5650203,1668,1,203604,244968,-0.58,-0.13,9.95,-0.04,0.01,-0.00,34.61
5690186,1650,1,203737,245144,-0.60,-0.13,9.96,-0.04,-0.00,-0.01,34.61
5730202,1767,1,203787,245168,-0.60,-0.15,10.00,-0.03,-0.01,-0.01,34.61
5770202,2003,1,203891,245185,-0.61,-0.13,9.94,-0.04,-0.00,-0.01,34.61
5810202,2126,1,203672,244209,-0.61,-0.16,9.96,-0.03,0.01,-0.01,34.61
5850185,2184,1,203231,243228,-0.61,-0.14,9.96,-0.04,-0.01,-0.00,34.61
5890203,1887,1,203168,243777,-0.59,-0.16,9.94,-0.04,-0.00,-0.01,34.61
5930202,1983,1,203243,244630,-0.61,-0.15,9.95,-0.03,0.01,-0.00,34.61
5970184,1962,1,203377,245205,-0.62,-0.15,9.95,-0.04,-0.01,-0.01,34.61
6010202,2066,1,203590,245767,-0.60,-0.14,9.91,-0.04,-0.01,-0.01,34.61
6050202,2139,1,203928,246400,-0.63,-0.16,9.96,-0.04,0.02,-0.01,34.61
6090185,1906,1,204126,246441,-0.63,-0.14,9.97,-0.03,-0.01,-0.01,34.61
6130203,1770,1,203973,246196,-0.63,-0.14,9.93,-0.04,-0.03,-0.01,34.61
6170204,2965,1,203262,246418,-0.60,-0.14,9.91,-0.03,-0.01,-0.01,34.61
6210202,1488,1,203982,246608,-0.62,-0.17,9.95,-0.03,-0.01,-0.01,34.61
6250202,1535,1,204235,247415,-0.62,-0.14,9.96,-0.04,0.01,-0.01,34.61
6290183,1588,1,204551,247738,-0.63,-0.14,9.96,-0.04,-0.01,-0.00,34.61
6330202,1663,1,204460,247257,-0.60,-0.13,9.96,-0.04,-0.02,-0.01,34.61
6371202,1690,1,203697,244958,-0.61,-0.13,9.95,-0.03,-0.02,-0.00,34.61
6411202,1521,1,202984,243552,-0.61,-0.15,9.93,-0.04,-0.01,-0.00,34.61
6451202,1285,1,202640,243335,-0.62,-0.13,9.95,-0.04,-0.02,-0.00,34.61
6491203,1282,1,202832,243726,-0.60,-0.15,9.96,-0.04,-0.01,-0.01,34.61
6531888,1324,1,203099,244230,-0.60,-0.16,9.93,-0.04,-0.01,-0.01,34.63
6570246,1563,1,203383,245067,-0.61,-0.15,9.91,-0.04,-0.01,-0.01,34.63
6610203,1698,1,203254,245369,-0.59,-0.14,9.96,-0.03,0.01,-0.01,34.63
6650185,1470,1,203464,245178,-0.61,-0.13,9.97,-0.04,-0.01,-0.01,34.63
6690202,1441,1,203199,244982,-0.61,-0.13,9.94,-0.03,-0.01,-0.01,34.63
6730202,1419,1,203352,245496,-0.59,-0.14,9.95,-0.03,0.00,-0.01,34.63
6770184,1403,1,203352,245686,-0.62,-0.14,9.96,-0.03,-0.00,-0.01,34.63
6810202,1489,1,203480,245798,-0.61,-0.14,9.95,-0.04,-0.01,-0.01,34.63
6850203,1616,1,203581,246012,-0.59,-0.14,9.96,-0.03,-0.00,-0.01,34.63
6890202,1809,1,203761,245431,-0.61,-0.16,9.95,-0.04,-0.01,-0.01,34.63
6930203,1903,1,203063,243643,-0.59,-0.13,9.90,-0.04,-0.01,-0.01,34.63
6970202,1664,1,202645,243000,-0.61,-0.14,9.96,-0.03,-0.00,-0.01,34.63
7010203,1531,1,202607,243083,-0.61,-0.14,9.96,-0.03,-0.01,-0.01,34.63
7050202,1601,1,202724,243666,-0.61,-0.13,9.93,-0.04,-0.01,-0.01,34.63
7090202,1635,1,202917,244251,-0.59,-0.13,9.93,-0.04,-0.01,-0.01,34.63
7130202,1790,1,203052,244483,-0.63,-0.15,9.95,-0.04,-0.01,-0.01,34.63
7170203,1747,1,203045,244530,-0.59,-0.14,9.94,-0.03,-0.00,-0.01,34.63
7210202,1754,1,203147,244478,-0.61,-0.13,9.96,-0.03,-0.01,-0.01,34.63
7250202,3457,1,201377,244565,-0.61,-0.14,9.92,-0.03,-0.01,-0.00,34.63
7290202,1734,1,203094,244861,-0.63,-0.14,9.93,-0.03,-0.00,-0.01,34.63
7330203,1727,1,203267,245413,-0.60,-0.12,9.93,-0.03,-0.00,-0.01,34.63
7370202,1936,1,203351,246030,-0.60,-0.15,9.96,-0.03,0.01,-0.01,34.63
7410184,2096,1,203564,246347,-0.63,-0.15,9.96,-0.03,0.00,-0.01,34.63
7450185,2267,1,203695,245428,-0.63,-0.13,9.98,-0.04,-0.01,-0.01,34.63
7490203,2192,1,203200,244059,-0.63,-0.15,9.97,-0.04,-0.01,-0.01,34.63
7530202,1931,1,202898,243628,-0.62,-0.14,9.96,-0.03,-0.02,-0.01,34.63
7570889,1881,1,202567,243813,-0.60,-0.15,9.95,-0.04,-0.01,-0.01,34.63
7611202,1958,1,202583,244047,-0.61,-0.16,9.95,-0.03,-0.02,-0.01,34.63
7651203,1949,1,202836,244372,-0.60,-0.13,9.96,-0.03,-0.01,-0.01,34.63
7691202,2082,1,202914,244389,-0.59,-0.14,9.97,-0.03,-0.01,-0.01,34.63
7731203,1906,1,202827,244262,-0.61,-0.15,9.95,-0.03,-0.01,-0.01,34.63
7771203,1815,1,202675,244141,-0.59,-0.14,9.95,-0.04,-0.01,-0.01,34.63
7811203,1819,1,202851,244379,-0.60,-0.14,9.95,-0.03,-0.01,-0.01,34.63
7851203,1823,1,202942,244390,-0.60,-0.12,9.95,-0.03,-0.01,-0.01,34.63
7891203,1848,1,202759,244601,-0.63,-0.17,9.93,-0.03,-0.00,-0.01,34.63
7931203,1956,1,202797,244598,-0.59,-0.13,9.95,-0.04,-0.01,-0.00,34.63
7971203,2121,1,202792,244039,-0.61,-0.14,9.96,-0.03,-0.01,-0.00,34.63
8011213,2154,1,202206,242052,-0.60,-0.15,9.96,-0.04,-0.01,-0.01,34.63
8051203,1841,1,201818,241426,-0.59,-0.14,9.96,-0.03,-0.01,-0.00,34.63
8091203,1743,1,201725,241372,-0.60,-0.14,9.98,-0.04,-0.01,-0.01,34.63
8131203,1739,1,201938,241904,-0.59,-0.12,9.95,-0.03,-0.01,-0.00,34.63
8171203,1727,1,202016,242287,-0.61,-0.15,9.93,-0.03,-0.01,-0.01,34.63
8211232,1821,1,202169,242937,-0.59,-0.15,9.95,-0.03,0.00,-0.01,34.63
8251186,1774,1,202275,243045,-0.61,-0.14,9.96,-0.04,-0.00,-0.01,34.63
8291203,1712,1,202360,243211,-0.62,-0.15,9.93,-0.03,-0.01,-0.01,34.63
8331203,3153,1,200970,243367,-0.61,-0.11,9.96,-0.04,-0.01,-0.01,34.63
8371203,1648,1,202407,243506,-0.60,-0.15,9.97,-0.03,-0.01,-0.01,34.63
8411228,1667,1,202593,243884,-0.59,-0.13,9.96,-0.04,-0.01,-0.01,34.63
8451203,1760,1,202573,244022,-0.60,-0.16,9.95,-0.04,-0.01,-0.00,34.63
8491202,1875,1,202761,244077,-0.63,-0.14,9.97,-0.03,-0.01,-0.00,34.63
8531203,2011,1,202526,242784,-0.59,-0.14,9.94,-0.04,-0.01,-0.01,34.63
8571889,1933,1,202092,241446,-0.61,-0.15,9.95,-0.03,-0.00,-0.01,34.67
8610203,1747,1,201667,241002,-0.60,-0.13,9.93,-0.04,-0.01,-0.00,34.67
8650204,1627,1,201764,241309,-0.59,-0.15,9.96,-0.04,-0.01,-0.01,34.67
8690203,1702,1,201850,241927,-0.62,-0.13,9.95,-0.04,-0.01,-0.01,34.67
8730204,1734,1,202124,242635,-0.57,-0.15,9.95,-0.04,-0.01,-0.01,34.67
8770203,1843,1,202272,243058,-0.59,-0.16,9.96,-0.04,-0.00,-0.01,34.67
8810204,1746,1,202414,243172,-0.58,-0.15,9.94,-0.04,-0.00,-0.01,34.67
8850202,1746,1,202272,243122,-0.60,-0.13,9.99,-0.03,-0.01,-0.01,34.67
8890204,3440,1,200835,243256,-0.61,-0.14,9.97,-0.04,-0.01,-0.01,34.67
8930203,1697,1,202324,243239,-0.61,-0.13,9.92,-0.04,-0.01,-0.01,34.67
8970205,1681,1,202345,243415,-0.59,-0.15,9.96,-0.03,-0.01,-0.01,34.67
9010203,1766,1,202519,243865,-0.59,-0.15,9.95,-0.04,-0.00,-0.00,34.67
9050204,1919,1,202548,243937,-0.61,-0.14,9.95,-0.04,-0.00,-0.00,34.67
9090202,2069,1,202348,242401,-0.60,-0.16,9.93,-0.03,-0.00,-0.01,34.67
9130204,1957,1,201759,241069,-0.60,-0.12,9.94,-0.03,-0.00,-0.01,34.67
9170202,1723,1,201394,240981,-0.61,-0.13,9.95,-0.03,-0.01,-0.01,34.67
9210205,1690,1,201511,241349,-0.61,-0.15,9.95,-0.03,-0.01,-0.01,34.67
9250203,1713,1,201560,241766,-0.60,-0.14,9.96,-0.04,-0.01,-0.01,34.67
9290204,1723,1,201638,242187,-0.60,-0.15,9.96,-0.04,-0.01,-0.01,34.67
9330202,1767,1,201911,242649,-0.61,-0.14,9.95,-0.04,-0.01,-0.01,34.67
9370204,1889,1,201980,242907,-0.61,-0.14,9.96,-0.03,-0.01,-0.01,34.67
9410203,1662,1,201814,243040,-0.61,-0.15,9.93,-0.03,-0.01,-0.01,34.67
9450205,1535,1,201902,243034,-0.58,-0.15,9.96,-0.03,-0.01,-0.01,34.67
9490203,1575,1,202010,243388,-0.61,-0.13,9.95,-0.04,-0.01,-0.01,34.67
9530204,1479,1,202067,243599,-0.60,-0.14,9.91,-0.04,-0.00,-0.01,34.67
9570202,1518,1,202078,243693,-0.60,-0.13,9.95,-0.04,-0.00,-0.01,34.67
9610890,1535,1,202086,243767,-0.60,-0.13,9.96,-0.04,-0.01,-0.01,34.67
9651205,1680,1,202109,243169,-0.60,-0.15,9.95,-0.03,-0.01,-0.01,34.67
9691204,1776,1,201639,240914,-0.61,-0.14,9.95,-0.04,-0.02,-0.01,34.67
9731204,1508,1,201013,239948,-0.60,-0.17,9.93,-0.04,-0.01,-0.01,34.67
9771203,1357,1,201080,240156,-0.60,-0.14,9.96,-0.04,-0.01,-0.01,34.67
9811203,1393,1,200988,240465,-0.59,-0.15,9.95,-0.04,-0.01,-0.01,34.67
9851208,1469,1,201342,241159,-0.58,-0.14,9.95,-0.04,-0.01,-0.01,34.67
9891203,1490,1,201388,241317,-0.61,-0.15,9.95,-0.03,-0.01,-0.01,34.67
9931204,1653,1,201463,241348,-0.61,-0.14,9.94,-0.04,-0.00,-0.01,34.67
9971205,1493,1,201340,241401,-0.61,-0.13,9.98,-0.03,-0.01,-0.01,34.67
10011204,1535,1,201492,241529,-0.58,-0.14,9.95,-0.03,-0.01,-0.00,34.67
10051210,3246,1,200600,241712,-0.60,-0.13,9.95,-0.03,-0.01,-0.01,34.67
10091206,1479,1,201517,241971,-0.59,-0.14,9.95,-0.03,-0.01,-0.01,34.67
10131204,1521,1,201651,242301,-0.59,-0.14,9.96,-0.04,-0.01,-0.00,34.67
10171203,1616,1,201754,242642,-0.58,-0.13,9.97,-0.03,-0.01,-0.01,34.67
10211203,1765,1,201927,242711,-0.60,-0.16,9.94,-0.03,-0.01,-0.01,34.67
10251203,1961,1,201452,240838,-0.60,-0.13,9.98,-0.03,-0.01,-0.01,34.67
10291204,1818,1,200836,239394,-0.60,-0.15,9.96,-0.04,-0.01,-0.01,34.67
10331204,1590,1,200704,239391,-0.60,-0.15,9.96,-0.03,-0.00,-0.01,34.67
10371203,1590,1,200834,239771,-0.60,-0.16,9.97,-0.03,-0.00,-0.00,34.67
10411203,1650,1,200869,240302,-0.61,-0.16,9.96,-0.04,-0.01,-0.01,34.67
10451204,1713,1,200978,240789,-0.60,-0.14,9.96,-0.04,-0.01,-0.01,34.67
10491206,1786,1,201180,240936,-0.60,-0.14,9.97,-0.03,-0.01,-0.01,34.67
10531203,1951,1,201051,240989,-0.58,-0.14,9.96,-0.03,-0.01,-0.01,34.67
10571208,1837,1,201208,241087,-0.61,-0.14,9.96,-0.04,-0.01,-0.01,34.67
10611891,1846,1,201317,241474,-0.59,-0.15,9.93,-0.03,-0.00,-0.01,34.63
10650208,3391,1,199823,242048,-0.59,-0.16,9.96,-0.04,0.00,-0.01,34.63
10690187,1906,1,201619,242448,-0.60,-0.16,9.96,-0.04,-0.00,-0.01,34.63
10730204,1971,1,201727,242889,-0.59,-0.14,9.97,-0.03,-0.01,-0.01,34.63
10770204,2064,1,201845,243160,-0.60,-0.14,9.93,-0.03,-0.01,-0.01,34.63
10810207,2207,1,201919,243008,-0.62,-0.15,9.94,-0.04,-0.01,-0.01,34.63
10850204,2401,1,201275,240818,-0.60,-0.15,9.93,-0.04,-0.01,-0.01,34.63
10890206,2319,1,196655,239422,-0.59,-0.14,9.94,-0.03,-0.01,-0.01,34.63
10930205,2058,1,197846,239397,-0.60,-0.13,9.93,-0.03,-0.01,-0.01,34.63
10970206,2042,1,199156,239817,-0.59,-0.14,9.94,-0.04,-0.01,-0.00,34.63
11010205,2083,1,199675,240394,-0.59,-0.14,9.94,-0.04,-0.01,-0.01,34.63
11050208,2112,1,200047,240763,-0.59,-0.15,9.94,-0.03,-0.01,-0.00,34.63
11090204,2129,1,200034,240868,-0.57,-0.15,9.97,-0.04,-0.02,-0.01,34.63
11130209,2245,1,199715,241460,-0.58,-0.14,9.93,-0.03,-0.00,-0.01,34.63
11170204,2112,1,199828,241617,-0.59,-0.15,9.93,-0.03,-0.01,-0.01,34.63
11210208,2096,1,199513,242019,-0.59,-0.14,9.96,-0.03,-0.01,-0.01,34.63
11250205,3302,1,196765,242745,-0.58,-0.14,9.93,-0.03,-0.00,-0.01,34.63
11290206,2035,1,200356,243058,-0.58,-0.15,9.97,-0.03,-0.00,-0.01,34.63
11330204,2020,1,200469,243535,-0.61,-0.15,9.97,-0.03,-0.01,-0.01,34.63
11370208,2085,1,200762,243557,-0.58,-0.14,9.97,-0.03,-0.01,-0.00,34.63
11410204,2282,1,200620,243616,-0.61,-0.14,9.93,-0.03,-0.01,-0.01,34.63
11450208,2387,1,200560,241481,-0.59,-0.15,9.96,-0.03,-0.01,-0.00,34.63
11490238,2277,1,200375,240491,-0.58,-0.15,9.94,-0.03,-0.01,-0.00,34.63
11530208,1937,1,200585,240981,-0.57,-0.13,9.93,-0.04,-0.00,-0.01,34.63
11570204,1936,1,200642,241086,-0.56,-0.13,9.92,-0.03,0.04,-0.01,34.63
11610191,1851,1,200894,242109,-0.61,-0.13,9.96,-0.04,-0.01,-0.00,34.63
11650891,1826,1,201166,243361,-0.60,-0.15,9.94,-0.04,-0.02,-0.01,34.59
11691210,1826,1,201588,244180,-0.59,-0.13,9.94,-0.04,-0.03,-0.01,34.59
11731204,1911,1,201753,244795,-0.56,-0.13,9.94,-0.04,-0.01,-0.00,34.59
11771208,1811,1,201941,245208,-0.60,-0.15,9.94,-0.04,0.00,-0.00,34.59
11811187,1815,1,202112,245329,-0.58,-0.14,9.96,-0.03,0.01,-0.01,34.59
11851191,3442,1,200696,245570,-0.62,-0.14,9.97,-0.04,-0.00,-0.01,34.59
11891204,1729,1,202353,245880,-0.60,-0.13,9.95,-0.04,0.00,-0.01,34.59
11931191,1737,1,202544,246176,-0.60,-0.15,9.94,-0.04,-0.00,-0.01,34.59
11971204,1830,1,202490,246253,-0.61,-0.15,9.96,-0.03,0.00,-0.01,34.59
12011191,1927,1,202725,246260,-0.61,-0.12,9.95,-0.03,0.01,-0.00,34.59
12051191,2114,1,202510,244889,-0.63,-0.15,9.98,-0.03,0.00,-0.01,34.59
12091191,1981,1,201772,243441,-0.61,-0.16,9.92,-0.04,0.00,-0.01,34.59
12131188,1683,1,201544,243003,-0.63,-0.14,9.94,-0.03,-0.00,-0.01,34.59
12171206,1639,1,201483,242859,-0.62,-0.14,9.96,-0.04,-0.01,-0.01,34.59
12211205,1664,1,201280,243119,-0.65,-0.15,9.97,-0.04,-0.01,-0.01,34.59
12251208,1712,1,201605,243428,-0.62,-0.14,9.92,-0.04,-0.01,-0.01,34.59
12291204,1747,1,201615,243499,-0.64,-0.13,9.97,-0.03,-0.01,-0.01,34.59
12331208,1867,1,201400,243208,-0.60,-0.13,9.93,-0.04,-0.01,-0.01,34.59
12371204,1727,1,201294,243024,-0.65,-0.13,9.93,-0.04,-0.01,-0.01,34.59
12411208,1744,1,201306,242792,-0.61,-0.13,9.95,-0.03,-0.02,-0.01,34.59
12451204,3202,1,200150,242835,-0.60,-0.14,9.97,-0.04,-0.02,-0.00,34.59
12491208,1661,1,201362,243149,-0.60,-0.16,9.93,-0.03,-0.01,-0.00,34.59
12531204,1683,1,201389,243454,-0.61,-0.16,9.94,-0.03,-0.01,-0.01,34.59
12571208,1789,1,201705,244907,-0.57,-0.16,9.90,-0.04,-0.02,-0.01,34.59
12611204,1911,1,202253,246236,-0.60,-0.15,9.94,-0.03,0.01,-0.00,34.59
12651878,2029,1,202494,245780,-0.61,-0.15,9.93,-0.04,-0.01,-0.01,35.13
12690205,1953,1,202054,244797,-0.59,-0.15,9.96,-0.03,-0.01,-0.01,35.13
12730208,1673,1,201812,244498,-0.59,-0.15,9.92,-0.03,-0.02,-0.01,35.13
12770204,1648,1,201660,244341,-0.62,-0.15,9.98,-0.03,-0.01,-0.00,35.13
12810208,1662,1,201893,244815,-0.60,-0.15,9.98,-0.04,-0.02,-0.01,35.13
12850204,1665,1,201948,245120,-0.58,-0.14,9.95,-0.03,-0.02,-0.01,35.13
12890208,1665,1,202014,245259,-0.57,-0.14,9.95,-0.04,-0.00,-0.01,35.13
12930204,1751,1,202080,245596,-0.60,-0.14,9.95,-0.03,0.00,-0.01,35.13
12970191,1634,1,202256,246073,-0.58,-0.12,9.94,-0.04,0.01,-0.01,35.13
13010191,1639,1,202295,246289,-0.62,-0.14,9.96,-0.04,-0.00,-0.01,35.13
13050209,3377,1,201250,246376,-0.62,-0.12,9.96,-0.03,-0.01,-0.00,35.13
13090204,1535,1,202304,246217,-0.59,-0.16,9.98,-0.03,-0.01,-0.01,35.13
13130214,1581,1,202426,246266,-0.58,-0.15,9.95,-0.04,-0.01,-0.01,35.13
13170204,1630,1,202283,246246,-0.60,-0.13,9.95,-0.03,-0.01,-0.01,35.13
13210206,1779,1,202408,246150,-0.62,-0.14,9.99,-0.04,-0.02,-0.01,35.13
13250204,1930,1,202082,244258,-0.60,-0.14,9.97,-0.04,-0.02,-0.01,35.13
13290206,1843,1,201532,243246,-0.58,-0.15,9.95,-0.04,-0.01,-0.00,35.13
13330232,1601,1,201339,243487,-0.59,-0.14,9.98,-0.03,-0.00,-0.01,35.13
13370206,1535,1,201556,244099,-0.59,-0.15,9.93,-0.04,-0.00,-0.01,35.13
13410204,1584,1,201710,244622,-0.60,-0.13,9.95,-0.04,0.00,-0.01,35.13
13450191,1626,1,201899,244856,-0.61,-0.14,9.96,-0.03,0.00,-0.01,35.13
13490191,1659,1,201772,244735,-0.58,-0.14,9.95,-0.03,0.02,-0.01,35.13
13530205,1792,1,201721,244566,-0.64,-0.12,9.99,-0.03,0.02,-0.01,35.13
13570191,1670,1,201690,244550,-0.62,-0.15,9.95,-0.04,0.00,-0.01,35.13
13610191,1680,1,201669,244276,-0.65,-0.16,9.98,-0.04,-0.00,-0.01,35.13
13650204,3153,1,200657,244237,-0.63,-0.13,9.96,-0.03,-0.01,-0.00,35.13
13690894,1589,1,201535,244339,-0.61,-0.14,9.93,-0.03,0.00,-0.01,35.21
13731188,1637,1,201610,244525,-0.64,-0.13,9.96,-0.03,0.00,-0.01,35.21
13771191,1743,1,201904,244949,-0.63,-0.13,9.96,-0.04,-0.00,-0.01,35.21
13811204,1863,1,201973,244730,-0.66,-0.16,9.94,-0.03,-0.01,-0.01,35.21
13851208,2032,1,201584,242595,-0.62,-0.13,9.92,-0.04,-0.01,-0.01,35.21
13891204,1895,1,200921,241694,-0.64,-0.11,9.94,-0.04,-0.01,-0.01,35.21
13931208,1691,1,200986,242099,-0.65,-0.15,9.96,-0.04,-0.01,-0.01,35.21
13971204,1680,1,201072,242630,-0.62,-0.13,9.94,-0.04,-0.01,-0.01,35.21
14011208,1727,1,201455,243300,-0.65,-0.15,10.00,-0.04,-0.02,-0.01,35.21
14051243,1760,1,201601,243689,-0.61,-0.17,9.93,-0.04,-0.03,-0.01,35.21
14091208,1801,1,201624,243075,-0.64,-0.13,9.99,-0.04,-0.07,-0.01,35.21
14131204,1971,1,201300,242390,-0.54,-0.12,9.88,-0.04,-0.03,-0.00,35.21
14171208,1802,1,201137,241513,-0.60,-0.14,10.01,-0.04,-0.03,-0.01,35.21
14211204,1778,1,200767,240275,-0.57,-0.13,9.97,-0.04,-0.04,-0.00,35.21
14251208,1812,1,200781,239680,-0.56,-0.14,9.94,-0.03,-0.04,-0.01,35.21
14291204,1776,1,201324,240855,-0.59,-0.11,9.93,-0.04,-0.02,0.00,35.21
14331191,1885,1,201866,242008,-0.45,-0.15,9.94,-0.04,-0.01,0.04,35.21
14370191,2000,1,202202,242868,-0.55,-0.13,9.97,-0.04,-0.00,-0.00,35.21
14410206,2171,1,202601,243073,-0.54,-0.15,9.95,-0.04,-0.00,-0.01,35.21
14450204,2295,1,201868,242909,-0.55,-0.14,9.90,-0.04,0.02,-0.01,35.21
14490191,1984,1,201618,243475,-0.61,-0.16,9.98,-0.04,0.05,-0.01,35.21
14530191,1797,1,201688,244935,-0.57,-0.14,9.91,-0.03,0.03,-0.01,35.21
14570191,1825,1,202169,246044,-0.61,-0.16,10.00,-0.03,0.07,-0.01,35.21
14610188,1835,1,202014,246351,-0.47,-0.30,10.01,-0.02,-0.01,-0.22,35.21
14650210,1885,1,198318,246167,-0.83,-0.41,9.97,0.00,-0.01,-0.40,35.21
14690875,1891,1,194839,245330,-0.61,-0.17,9.86,0.01,-0.01,-0.52,35.43
14731196,2074,1,187007,245172,-0.64,-0.02,9.87,0.01,0.01,-0.44,35.43
14771174,2021,1,171254,245247,-0.73,0.14,9.96,-0.01,0.02,-0.24,35.43
14811176,3066,1,162312,246933,-0.71,-0.09,10.02,-0.03,-0.01,-0.02,35.43
14851210,1861,1,184673,246519,-0.70,-0.14,10.06,-0.04,-0.12,-0.00,35.43
14891213,1870,1,185715,246482,-0.49,-0.12,9.82,-0.03,-0.11,-0.00,35.43
14931211,1986,1,177944,246332,-0.63,-0.09,9.89,-0.04,-0.05,0.01,35.43
14971196,1969,1,145528,246501,-0.58,-0.18,10.01,-0.05,-0.04,0.17,35.43
15011193,2173,1,190180,244625,-0.40,-0.18,9.96,-0.05,-0.01,0.16,35.43
15051192,2027,1,199119,241845,-0.74,-0.14,9.95,-0.05,-0.01,0.16,35.43
15091192,1776,1,191486,240000,-0.64,-0.05,9.94,-0.07,-0.01,0.38,35.43
15131192,1741,1,194668,239358,-0.44,-0.13,9.93,-0.06,0.01,0.30,35.43
15171190,1758,1,184702,239441,-0.35,-0.19,9.96,-0.05,-0.00,0.16,35.43
15211191,1823,1,181417,238375,-0.62,-0.11,9.94,-0.05,-0.01,0.15,35.43
15251202,2054,1,159987,243671,-0.47,-0.14,9.98,-0.05,0.00,0.18,35.43
15349481,1835,1,175714,245928,-1.02,-0.31,19.72,-0.00,-0.00,-0.00,35.43
15431198,1694,1,178426,245863,-0.55,-0.25,10.02,-0.01,0.14,-0.18,35.43
15471186,1744,1,179770,246761,-0.68,-0.22,10.13,-0.02,-0.07,-0.23,35.43
15511203,1779,1,185231,246976,-0.61,-0.15,9.85,-0.01,-0.01,-0.24,35.43
15551208,1863,1,176610,247475,-0.75,-0.12,9.96,-0.01,-0.02,-0.31,35.43
15591205,2033,1,176778,247522,-0.84,-0.27,9.97,-0.00,0.02,-0.36,35.43
15631191,1840,1,181865,246781,-0.71,0.06,9.94,-0.00,-0.02,-0.34,35.43
15671191,1588,1,182564,246729,-0.70,0.04,9.94,-0.02,0.01,-0.11,35.43
15711857,1535,1,179682,246121,-0.74,-0.14,10.01,-0.03,-0.04,-0.01,35.63
15750204,1667,1,169905,244143,-0.66,-0.14,9.99,-0.04,-0.16,-0.01,35.63
15790208,1839,1,161775,244032,-0.51,-0.13,9.83,-0.03,-0.14,-0.00,35.63
15830204,1758,1,167872,244081,-0.61,-0.09,9.87,-0.04,-0.04,0.01,35.63
15870190,1897,1,165561,242510,-0.65,-0.12,9.95,-0.04,-0.03,0.07,35.63
15951191,2410,1,187065,241868,-0.57,-0.15,10.00,-0.06,-0.01,0.25,35.63
15991225,1472,1,199487,241956,-0.29,-0.21,9.95,-0.05,-0.01,0.15,35.63
16031184,1367,1,199655,241521,-0.54,-0.15,9.98,-0.05,-0.01,0.12,35.63
16071185,1535,1,200605,241242,-0.69,-0.07,9.96,-0.05,-0.00,0.23,35.63
16170183,2089,1,201156,238464,-0.41,-0.17,9.96,-0.04,-0.00,0.06,35.63
16210184,1917,1,199786,236861,-0.50,-0.14,9.95,-0.04,0.01,0.00,35.63
16250162,1670,1,200917,238110,-0.55,-0.12,9.94,-0.04,0.01,-0.00,35.63
16290185,1713,1,201903,241894,-0.53,-0.14,9.95,-0.03,0.06,-0.01,35.63
16330189,1487,1,204988,245564,-0.54,-0.15,9.87,-0.03,0.08,-0.00,35.63
16370185,1639,1,205788,249623,-0.67,-0.14,10.02,-0.03,0.07,-0.01,35.63
16410183,1600,1,208188,252490,-0.45,-0.27,9.96,-0.03,0.04,-0.03,35.63
16450189,1800,1,207257,251433,-0.39,-0.36,10.08,-0.01,0.08,-0.27,35.63
16490184,1709,1,206991,250504,-1.07,0.11,9.92,-0.02,-0.06,-0.25,35.63
16530186,1611,1,206176,0,-0.64,-0.13,9.89,-0.02,-0.01,-0.13,35.63
16798983,1795,1,204138,242151,-4.60,-128.47,16.55,-1.30,18.59,-1.02,35.63
16990005,1718,1,204676,241831,-0.66,-0.11,9.91,-0.21,0.03,0.76,35.63
17030168,1727,1,204327,241169,-0.51,-0.11,9.93,-0.05,-0.01,0.23,35.63
17070184,1883,1,204097,240705,-0.47,-0.16,10.00,-0.05,-0.00,0.22,35.63
17110183,1711,1,203915,240356,-0.53,-0.15,9.93,-0.05,-0.00,0.13,35.63
17150184,1851,1,204100,241492,-0.33,-0.21,9.90,-0.04,-0.00,0.03,35.63
17190183,1589,1,204592,243038,-0.56,-0.14,9.94,-0.04,0.02,-0.01,35.63
17230184,1621,1,205259,245487,-0.53,-0.15,9.88,-0.03,0.07,-0.01,35.63
17270183,1805,1,205969,247895,-0.64,-0.15,9.99,-0.03,0.11,-0.01,35.63
17310184,2065,1,205962,248267,-0.62,-0.15,9.96,-0.03,0.03,-0.01,35.63
17350183,2207,1,205949,246539,-0.65,-0.14,9.93,-0.03,0.02,-0.06,35.63
17390184,2183,1,204454,241896,-0.37,-0.36,10.00,-0.02,-0.02,-0.15,35.63
17430241,1751,1,203229,240244,-0.71,-0.07,9.87,-0.01,0.01,-0.25,35.63
17470184,1726,1,202531,239710,-0.67,-0.12,9.98,-0.02,-0.04,-0.17,35.63
17510202,1593,1,202707,240454,-0.68,-0.10,9.92,-0.02,-0.01,-0.15,35.63
17550201,1831,1,202786,241961,-0.71,-0.17,9.92,-0.02,-0.01,-0.16,35.63
17590201,1739,1,203313,242952,-0.61,-0.13,10.00,-0.02,0.01,-0.18,35.63
17630208,1968,1,203162,243619,-0.63,-0.13,9.94,-0.02,0.01,-0.13,35.63
17670182,2092,1,203259,243838,-0.76,-0.06,10.00,-0.03,0.01,-0.06,35.63
17710183,1871,1,203370,243504,-0.66,-0.13,9.96,-0.04,-0.04,-0.01,35.63
17750201,1835,1,203157,242445,-0.70,-0.13,10.07,-0.04,-0.12,-0.01,35.63
17790201,2039,1,203561,241968,-0.52,-0.13,9.82,-0.03,-0.08,-0.00,35.63
17830201,1664,1,203420,240678,-0.58,-0.11,9.98,-0.03,-0.05,-0.00,35.63
17870886,1617,1,203112,240128,-0.71,-0.12,9.96,-0.04,-0.01,0.11,35.91
17911183,1714,1,203087,240309,-0.59,-0.15,9.95,-0.05,-0.00,0.14,35.91
17951184,1887,1,203119,240115,-0.60,-0.17,9.90,-0.05,-0.00,0.21,35.91
17991183,2089,1,202847,239423,-0.66,-0.14,9.85,-0.06,-0.01,0.33,35.91
18031184,1744,1,202996,238840,-0.37,-0.20,10.02,-0.07,-0.01,0.46,35.91
18071183,1489,1,202943,238455,-0.50,-0.16,9.95,-0.06,0.01,0.27,35.91
18111168,1535,1,202636,238062,-0.72,-0.04,9.89,-0.06,-0.01,0.25,35.91
18151183,1781,1,201037,237791,-0.39,-0.19,9.95,-0.06,-0.00,0.31,35.91
18191189,2096,1,197814,240377,-0.19,-0.29,10.03,-0.05,-0.01,0.16,35.91
18231183,1802,1,203386,241602,-0.58,-0.15,9.97,-0.04,0.03,-0.00,35.91
18271184,1904,1,204031,243051,-0.54,-0.15,9.91,-0.04,0.05,-0.01,35.91
18311183,1694,1,204761,244186,-0.65,-0.17,10.00,-0.03,0.11,-0.00,35.91
18351184,1578,1,205084,245535,-0.63,-0.13,9.92,-0.04,0.00,-0.01,35.91
18391183,2160,1,205599,246520,-0.26,-0.38,9.93,-0.03,0.05,-0.08,35.91
18431187,1565,1,202214,245674,-0.51,-0.48,10.36,-0.00,0.04,-0.31,35.91
18470188,1589,1,204684,246214,-0.81,-0.00,9.79,-0.01,-0.05,-0.33,35.91
18510204,1675,1,204723,246952,-0.76,-0.07,9.90,-0.02,-0.02,-0.21,35.91
18550201,1835,1,204950,246644,-0.65,-0.14,9.89,-0.01,-0.01,-0.22,35.91
18590206,1968,1,204265,243101,-0.66,-0.13,9.88,-0.02,0.02,-0.21,35.91
18630188,1714,1,203367,240932,-0.88,-0.03,9.90,-0.02,0.00,-0.17,35.91
18670185,1515,1,202845,239697,-0.75,-0.11,9.97,-0.03,-0.03,-0.02,35.91
18710201,1523,1,202661,238664,-0.64,-0.15,9.92,-0.04,-0.05,-0.01,35.91
18750201,1618,1,202203,238344,-0.63,-0.14,9.97,-0.04,-0.13,-0.01,35.91
18790201,1722,1,201854,239616,-0.54,-0.14,9.87,-0.04,-0.08,-0.01,35.91
18830201,1535,1,203663,240541,-0.66,-0.03,9.88,-0.04,-0.07,0.01,35.91
18870869,1701,1,203246,240285,-0.47,-0.18,9.95,-0.04,-0.02,0.05,35.53
18911184,1680,1,203506,240420,-0.71,-0.11,9.93,-0.04,-0.01,0.09,35.53
18951183,1648,1,203330,240659,-0.63,-0.15,9.93,-0.05,-0.01,0.18,35.53
18991184,3568,1,203412,240435,-0.51,-0.15,9.96,-0.05,-0.01,0.16,35.53
19031183,1719,1,202608,240308,-0.57,-0.14,9.95,-0.05,-0.01,0.18,35.53
19071184,1723,1,203189,240161,-0.42,-0.15,9.96,-0.05,-0.00,0.11,35.53
19111183,1828,1,203238,239804,-0.46,-0.16,9.96,-0.04,-0.00,0.06,35.53
19151184,1978,1,203218,239690,-0.51,-0.16,9.97,-0.04,0.01,0.00,35.53
19191168,2191,1,203130,238882,-0.56,-0.15,10.00,-0.04,0.01,-0.01,35.53
19231184,2192,1,202770,238953,-0.55,-0.14,9.92,-0.04,0.02,-0.01,35.53
19271183,1854,1,203319,241732,-0.57,-0.14,9.96,-0.03,0.04,-0.01,35.53
19311185,1822,1,204562,244917,-0.61,-0.13,9.95,-0.03,0.06,-0.01,35.53
19351183,1851,1,205687,246530,-0.62,-0.15,9.93,-0.03,0.07,-0.01,35.53
19391184,1794,1,206331,247489,-0.49,-0.24,9.91,-0.02,0.06,-0.08,35.53
19431183,1886,1,205962,247019,-0.49,-0.32,10.08,-0.01,0.03,-0.26,35.53
19471185,1924,1,205787,246740,-0.94,-0.00,9.97,-0.02,-0.02,-0.17,35.53
19511202,2128,1,205363,247103,-0.70,-0.11,9.92,-0.03,-0.00,-0.10,35.53
19551201,2107,1,204397,248208,-0.74,-0.06,9.90,-0.03,-0.01,-0.07,35.53
19591201,1987,1,205352,248646,-0.70,-0.13,9.97,-0.03,-0.01,-0.01,35.53
19631201,2451,1,205619,248440,-0.66,-0.16,9.96,-0.04,-0.03,-0.01,35.53
19671201,1902,1,205730,248107,-0.69,-0.13,9.99,-0.04,-0.03,-0.01,35.53
19711201,1968,1,205382,247071,-0.60,-0.13,9.95,-0.04,-0.08,-0.00,35.53
19751200,2149,1,203818,246310,-0.58,-0.14,9.90,-0.04,-0.06,-0.00,35.53
19791202,2207,1,204836,246033,-0.58,-0.13,9.97,-0.04,-0.03,-0.00,35.53
19831201,2255,1,204614,242707,-0.59,-0.16,9.98,-0.04,-0.04,-0.00,35.53
19871887,1873,1,203706,240480,-0.55,-0.15,9.97,-0.04,-0.02,-0.00,35.59
19910201,1783,1,203332,239929,-0.53,-0.16,9.93,-0.03,-0.01,-0.00,35.59
19950201,1823,1,203216,239849,-0.58,-0.13,10.01,-0.03,-0.03,-0.00,35.59
19990201,1867,1,203261,240178,-0.66,-0.14,9.94,-0.04,-0.02,0.06,35.59
20030184,1889,1,203519,240405,-0.47,-0.18,9.97,-0.04,-0.01,0.05,35.59
20070183,1891,1,203490,240451,-0.56,-0.16,9.95,-0.04,-0.01,0.06,35.59
20112184,1899,1,203546,241336,-0.52,-0.14,9.96,-0.04,-0.01,0.03,35.59
20152183,1855,1,203527,241661,-0.62,-0.09,9.96,-0.04,-0.01,0.09,35.59
20192185,1826,1,203418,242032,-0.37,-0.17,9.97,-0.04,-0.01,0.09,35.59
20232184,3403,1,203087,242440,-0.51,-0.16,9.95,-0.04,-0.01,0.00,35.59
20272185,1765,1,203828,242569,-0.54,-0.17,9.95,-0.04,-0.00,-0.00,35.59
20312202,1755,1,203895,243271,-0.54,-0.14,9.93,-0.03,0.00,-0.01,35.59
20352185,1833,1,204108,244614,-0.56,-0.16,9.92,-0.04,0.02,-0.01,35.59
20392183,1935,1,204706,246542,-0.54,-0.15,9.92,-0.04,0.05,-0.01,35.59
20432185,2133,1,205604,247433,-0.54,-0.17,9.87,-0.03,0.12,-0.01,35.59
20472182,2113,1,205496,244714,-0.38,-0.33,10.02,-0.02,0.07,-0.07,35.59
20512185,1813,1,203792,243112,-0.70,-0.19,10.05,-0.02,0.04,-0.17,35.59
20552184,1753,1,204337,244320,-0.69,-0.12,9.89,-0.02,0.01,-0.18,35.59
20592184,1859,1,204567,245920,-0.73,-0.10,9.90,-0.02,-0.00,-0.15,35.59
20632202,1750,1,205723,247493,-0.72,-0.14,9.88,-0.02,-0.00,-0.19,35.59
20672203,1812,1,205904,248300,-0.83,-0.06,9.98,-0.03,0.00,-0.11,35.59
20712184,1840,1,205963,248443,-0.72,-0.13,9.94,-0.03,-0.02,-0.02,35.59
20752202,1919,1,205810,247465,-0.69,-0.14,9.96,-0.04,-0.03,-0.01,35.59
20792202,1808,1,205294,246012,-0.70,-0.14,10.02,-0.04,-0.08,-0.00,35.59
20832203,2481,1,204104,245058,-0.61,-0.17,9.91,-0.04,-0.11,-0.01,35.59
20872889,1712,1,204531,244579,-0.57,-0.15,9.93,-0.04,-0.06,-0.00,35.51
20911239,1726,1,204380,243872,-0.58,-0.15,9.93,-0.04,-0.05,-0.01,35.51
20951203,1763,1,204083,243614,-0.61,-0.09,9.93,-0.04,-0.04,0.00,35.51
20991185,1898,1,204358,244190,-0.62,-0.15,9.93,-0.04,-0.03,0.11,35.51
21031184,2111,1,204264,242770,-0.49,-0.17,9.93,-0.04,0.00,0.09,35.51
21071168,2089,1,203173,238826,-0.52,-0.16,9.94,-0.04,0.00,0.04,35.51
21111212,1791,1,202166,236812,-0.66,-0.11,9.98,-0.04,-0.00,0.10,35.51
21151186,1683,1,202234,237320,-0.36,-0.22,9.97,-0.04,-0.01,0.09,35.51
21191184,1687,1,202616,237780,-0.59,-0.15,9.99,-0.04,-0.01,0.00,35.51
21231184,1744,1,202928,239338,-0.71,-0.12,9.98,-0.04,-0.01,0.10,35.51
21271183,1759,1,203401,239909,-0.48,-0.17,9.90,-0.05,-0.00,0.11,35.51
21311184,1825,1,203273,239295,-0.53,-0.16,9.98,-0.04,0.00,0.07,35.51
21351168,1794,1,202928,238513,-0.55,-0.14,9.97,-0.04,-0.00,0.05,35.51
21391185,1755,1,202906,239203,-0.46,-0.17,9.94,-0.04,-0.00,0.03,35.51
21431184,3520,1,202935,241331,-0.54,-0.14,9.89,-0.04,0.05,-0.01,35.51
21471185,1677,1,204179,244720,-0.58,-0.14,9.94,-0.03,0.05,-0.01,35.51
21511184,1702,1,205900,249262,-0.63,-0.13,9.98,-0.03,0.08,-0.01,35.51
21551185,1761,1,207391,250821,-0.34,-0.32,9.88,-0.03,0.06,-0.09,35.51
21591190,1969,1,206931,251048,-0.58,-0.23,10.03,-0.02,-0.00,-0.21,35.51
21631202,2141,1,207166,249869,-0.72,-0.11,9.94,-0.02,0.00,-0.20,35.51
21671183,2060,1,206335,247472,-0.78,-0.10,9.92,-0.02,-0.01,-0.18,35.51
21711202,1727,1,205893,246371,-0.73,-0.16,9.94,-0.02,0.01,-0.16,35.51
21751184,1741,1,204134,246274,-0.74,-0.12,9.96,-0.02,-0.00,-0.13,35.51
21791202,1823,1,204501,247108,-0.71,-0.12,9.89,-0.03,-0.00,-0.10,35.51
21831202,1850,1,204588,247905,-0.76,-0.08,10.01,-0.03,-0.02,-0.03,35.51
21871201,1982,1,201892,246741,-0.68,-0.13,9.96,-0.03,-0.03,-0.01,35.51
21911889,2331,1,188239,245116,-0.67,-0.15,9.97,-0.04,-0.07,-0.01,35.53
21952202,2169,1,187247,243221,-0.66,-0.16,9.99,-0.04,-0.09,-0.01,35.53
21992202,2016,1,187673,241227,-0.54,-0.14,9.85,-0.04,-0.12,-0.00,35.53
22032202,2438,1,188187,242155,-0.73,-0.04,9.97,-0.04,-0.05,0.01,35.53
22072184,1883,1,188890,242394,-0.63,-0.16,9.90,-0.04,-0.03,0.10,35.53
22112186,1915,1,187462,242464,-0.57,-0.19,9.97,-0.05,-0.00,0.21,35.53
22152185,1936,1,192504,242597,-0.37,-0.12,9.97,-0.04,-0.01,0.10,35.53
22192186,1775,1,203794,242934,-0.69,-0.11,9.98,-0.04,-0.01,0.10,35.53
22232184,1842,1,204111,241206,-0.54,-0.17,9.97,-0.05,-0.01,0.12,35.53
22272185,1558,1,203625,239275,-0.40,-0.17,9.96,-0.04,-0.01,0.04,35.53
22312184,1441,1,203104,238192,-0.63,-0.11,9.95,-0.04,-0.01,0.01,35.53
22352185,1513,1,202691,237641,-0.48,-0.17,9.97,-0.04,-0.01,0.05,35.53
22392184,1589,1,202650,238652,-0.53,-0.17,9.92,-0.04,0.01,-0.00,35.53
22432185,1617,1,203001,239807,-0.53,-0.14,9.93,-0.04,0.02,-0.01,35.53
22472184,1703,1,203251,240434,-0.57,-0.14,9.94,-0.03,0.05,-0.01,35.53
22512185,1678,1,203169,241493,-0.60,-0.15,9.93,-0.03,0.11,-0.01,35.53
22552189,1503,1,204250,244900,-0.65,-0.14,10.00,-0.03,0.01,-0.01,35.53
22592185,3541,1,205101,246665,-0.31,-0.32,9.84,-0.03,0.06,-0.07,35.53
22632184,1515,1,205354,246745,-0.85,-0.09,10.11,-0.02,-0.02,-0.14,35.53
22672202,1535,1,205536,247531,-0.60,-0.11,9.79,-0.03,-0.01,-0.10,35.53
22712204,1649,1,205326,247776,-0.74,-0.13,9.95,-0.02,-0.03,-0.15,35.53
22752220,1681,1,205798,247865,-0.73,-0.10,9.96,-0.03,-0.00,-0.12,35.53
22792202,1910,1,205718,246695,-0.67,-0.11,9.93,-0.03,0.00,-0.05,35.53
22832185,1845,1,205276,245545,-0.72,-0.11,9.99,-0.03,0.00,-0.05,35.53
22872183,1565,1,205521,246322,-0.67,-0.15,9.95,-0.03,0.01,-0.02,35.53
22912870,1554,1,205921,246660,-0.67,-0.12,9.98,-0.03,-0.02,-0.01,35.59
22951225,1532,1,205681,244836,-0.71,-0.14,10.06,-0.04,-0.10,-0.01,35.59
22991201,1610,1,204827,241825,-0.58,-0.15,9.88,-0.04,-0.07,-0.01,35.59
23031202,1571,1,203833,239170,-0.60,-0.13,9.97,-0.04,-0.10,-0.00,35.59
23071202,1664,1,203227,238009,-0.73,-0.10,10.02,-0.04,-0.03,0.05,35.59
23111183,1513,1,202995,238262,-0.74,-0.16,9.89,-0.05,-0.02,0.16,35.59
23151185,2038,1,202282,239150,-0.51,-0.15,9.93,-0.05,-0.01,0.21,35.59
23191191,1568,1,202607,239760,-0.74,-0.07,9.92,-0.05,-0.02,0.22,35.59
23231191,1673,1,201201,240196,-0.56,-0.13,9.92,-0.06,-0.01,0.26,35.59
23271190,1734,1,201819,240817,-0.34,-0.21,9.96,-0.05,-0.02,0.15,35.59
23311190,1840,1,202060,240941,-0.45,-0.17,9.95,-0.04,-0.01,0.03,35.59
23351190,2014,1,202056,240580,-0.54,-0.16,9.93,-0.04,0.00,-0.00,35.59
23391190,2000,1,201703,239947,-0.54,-0.15,9.94,-0.04,0.01,-0.01,35.59
23431190,1679,1,201833,241333,-0.55,-0.15,9.95,-0.04,0.03,-0.01,35.59
23471190,1534,1,202840,245394,-0.57,-0.13,9.93,-0.03,0.06,-0.01,35.59
23511190,1535,1,204804,248895,-0.64,-0.21,10.06,-0.03,0.09,-0.02,35.59
23551190,1535,1,205791,251171,-0.53,-0.23,10.05,-0.02,0.03,-0.15,35.59
23591183,1471,1,208494,251275,-0.81,-0.03,9.85,-0.02,-0.04,-0.17,35.59
23631201,1601,1,207815,250503,-0.45,-0.25,9.96,-0.02,-0.01,-0.16,35.59
23671205,1515,1,205876,249857,-0.64,-0.36,9.92,0.00,0.01,-0.41,35.59
23711170,1695,1,206456,249200,-0.85,0.07,9.91,0.01,0.02,-0.48,35.59
23751156,1325,1,206441,249335,-0.69,0.02,9.99,-0.02,-0.01,-0.15,35.59
23791186,1459,1,205554,249337,-0.63,-0.14,9.93,-0.03,-0.00,-0.08,35.59
23831203,1584,1,204116,249536,-0.71,-0.12,9.97,-0.03,0.01,-0.08,35.59
23871190,1715,1,204814,249497,-0.67,-0.12,9.91,-0.03,-0.00,-0.02,35.59
23911203,1847,1,205500,247694,-0.69,-0.13,10.03,-0.03,-0.02,-0.00,35.59
23951889,1863,1,204450,243232,-0.60,-0.14,9.90,-0.04,-0.10,-0.01,35.63
23992202,1507,1,204383,242716,-0.62,-0.13,10.00,-0.03,-0.05,-0.00,35.63
24032202,1293,1,205130,242505,-0.58,-0.12,9.91,-0.04,-0.11,-0.00,35.63
24072202,1357,1,205228,242172,-0.63,-0.17,9.93,-0.05,-0.01,0.16,35.63
24112184,1450,1,205403,242250,-0.60,-0.13,9.95,-0.05,-0.00,0.15,35.63
24152182,1474,1,205362,242466,-0.86,-0.09,9.91,-0.06,-0.01,0.34,35.63
24192184,1645,1,205298,241930,-0.03,-0.35,9.92,-0.05,-0.01,0.18,35.63
24232183,1584,1,205307,241943,-0.46,-0.20,9.97,-0.04,0.00,0.01,35.63
24272168,1631,1,204923,240445,-0.57,-0.15,9.96,-0.04,0.00,-0.00,35.63
24312183,1492,1,204495,240491,-0.55,-0.16,9.94,-0.04,0.00,-0.01,35.63
24352184,1610,1,204535,241513,-0.55,-0.15,9.93,-0.04,0.03,-0.01,35.63
24392207,1699,1,204595,243003,-0.60,-0.13,9.95,-0.04,0.03,-0.01,35.63
24432184,1821,1,205173,245847,-0.58,-0.15,9.93,-0.03,0.08,-0.01,35.63
24472183,2004,1,205818,246981,-0.64,-0.16,9.99,-0.03,0.06,-0.02,35.63
24512184,2091,1,206046,246177,-0.50,-0.24,9.92,-0.02,0.08,-0.09,35.63
24552183,1818,1,205778,246382,-0.66,-0.21,10.08,-0.02,0.04,-0.18,35.63
24592212,1677,1,206276,249201,-0.53,-0.22,9.91,-0.01,-0.03,-0.26,35.63
24632201,1685,1,207639,251252,-0.71,-0.21,10.00,0.01,-0.02,-0.52,35.63
24672184,1872,1,208358,253044,-0.92,0.07,9.95,-0.00,0.02,-0.32,35.63
24712168,1977,1,208133,252609,-0.73,-0.09,9.92,-0.02,-0.00,-0.19,35.63
24752201,2352,1,205986,252071,-0.80,-0.07,9.91,-0.03,-0.00,-0.06,35.63
24792201,1818,1,208377,250617,-0.70,-0.14,9.91,-0.03,-0.01,-0.01,35.63
24832200,1818,1,207664,248630,-0.74,-0.13,10.00,-0.03,-0.04,-0.00,35.63
24872201,3433,1,206825,246432,-0.68,-0.11,9.95,-0.04,-0.10,-0.00,35.63
24912201,1751,1,206332,244413,-0.67,-0.11,10.06,-0.04,-0.12,-0.01,35.63
24952887,1773,1,206333,243732,-0.52,-0.12,9.84,-0.04,-0.14,-0.00,35.77
24991201,1886,1,206548,243728,-0.68,-0.10,9.94,-0.05,-0.03,0.11,35.77
25031183,2047,1,206817,243795,-0.64,-0.10,9.97,-0.05,-0.03,0.13,35.77
25071184,2227,1,206570,241580,-0.79,-0.12,9.94,-0.06,-0.03,0.26,35.77
25111183,2019,1,205450,240405,-0.34,-0.24,9.98,-0.07,-0.01,0.41,35.77
25151185,1815,1,205396,240393,-0.57,-0.15,10.04,-0.05,-0.01,0.11,35.77
25191183,1812,1,205249,240655,-0.54,-0.06,10.03,-0.05,-0.01,0.18,35.77
25231184,1817,1,205502,242084,-0.35,-0.25,9.97,-0.04,-0.00,0.05,35.77
25271182,1835,1,206214,243448,-0.52,-0.15,9.93,-0.04,0.00,-0.00,35.77
25311202,1847,1,206747,244343,-0.54,-0.16,9.94,-0.04,0.00,-0.01,35.77
25351183,1983,1,207029,245246,-0.51,-0.16,9.93,-0.04,0.01,-0.01,35.77
25391184,1823,1,206660,246020,-0.56,-0.14,9.95,-0.04,0.03,-0.01,35.77
25431182,1818,1,206514,249138,-0.52,-0.14,9.86,-0.03,0.09,-0.01,35.77
25471184,3542,1,207936,252047,-0.53,-0.23,10.08,-0.03,0.13,-0.03,35.77
25511183,1680,1,209097,253758,-0.57,-0.24,10.04,-0.02,0.08,-0.19,35.77
25551184,1695,1,209955,255191,-0.65,-0.09,9.73,-0.01,0.02,-0.27,35.77
25591183,1802,1,210604,256295,-0.77,-0.09,10.04,-0.01,0.04,-0.26,35.77
25631184,1934,1,211170,256601,-0.90,-0.04,9.99,-0.01,0.00,-0.23,35.77
25671182,2096,1,210936,254879,-0.78,-0.09,9.90,-0.03,-0.01,-0.12,35.77
25711201,2128,1,209412,252308,-0.71,-0.13,9.93,-0.02,-0.00,-0.11,35.77
25751201,1779,1,208603,251599,-0.74,-0.12,9.98,-0.02,-0.00,-0.12,35.77
25791201,1776,1,208383,249775,-0.79,-0.08,9.96,-0.03,-0.03,-0.03,35.77
25831201,1747,1,207333,247665,-0.70,-0.13,9.96,-0.04,-0.03,-0.01,35.77
25871201,1761,1,206441,245705,-0.69,-0.12,9.95,-0.04,-0.06,-0.01,35.77
25911201,1765,1,205744,243693,-0.70,-0.14,9.97,-0.04,-0.10,-0.01,35.77
25951201,1789,1,205711,243035,-0.61,-0.13,9.93,-0.04,-0.11,-0.01,35.77
25991887,1869,1,206196,242586,-0.62,-0.13,10.00,-0.04,-0.09,-0.00,35.67
26032207,1728,1,206969,243009,-0.52,-0.13,9.87,-0.04,-0.04,-0.00,35.67
26072201,1696,1,208557,244816,-0.71,-0.02,9.94,-0.04,-0.04,0.02,35.67
26112184,1971,1,209588,245503,-0.65,-0.09,9.92,-0.05,-0.02,0.13,35.67
26152183,1746,1,208990,246193,-0.44,-0.20,9.96,-0.05,-0.02,0.13,35.67
26192184,1748,1,209307,246406,-0.45,-0.20,9.93,-0.04,-0.01,0.04,35.67
26232201,1776,1,209251,246596,-0.69,-0.08,9.92,-0.04,-0.02,0.08,35.67
26272183,1969,1,208925,246859,-0.44,-0.17,9.95,-0.05,-0.01,0.16,35.67
26312183,2118,1,208504,245483,-0.47,-0.17,9.95,-0.04,-0.00,0.02,35.67
26352184,1851,1,208328,245132,-0.55,-0.12,9.93,-0.03,-0.02,0.00,35.67
26392182,1661,1,208322,244693,-0.70,-0.09,9.91,-0.04,-0.01,0.10,35.67
26432183,1664,1,207978,244370,-0.45,-0.13,9.98,-0.05,-0.01,0.16,35.67
26472182,1687,1,207911,244268,-0.48,-0.14,9.92,-0.04,-0.01,0.03,35.67
26512184,1729,1,207714,244115,-0.51,-0.15,9.98,-0.04,0.00,-0.00,35.67
26552183,1765,1,207360,244489,-0.52,-0.15,9.92,-0.04,0.02,-0.01,35.67
26592184,1866,1,206979,245762,-0.53,-0.17,9.95,-0.04,0.04,-0.01,35.67
26632182,1709,1,206666,247671,-0.53,-0.15,9.89,-0.03,0.13,-0.01,35.67
26672184,1712,1,206990,249073,-0.69,-0.13,10.06,-0.03,0.03,-0.01,35.67
26712183,3132,1,207100,250082,-0.48,-0.22,9.89,-0.03,0.07,-0.09,35.67
26752184,1648,1,207663,252067,-0.48,-0.31,10.04,-0.02,0.01,-0.22,35.67
26792183,1707,1,207513,253214,-0.88,-0.05,10.06,-0.01,0.00,-0.32,35.67
26832183,1791,1,208694,253993,-0.76,-0.06,9.90,-0.02,-0.02,-0.15,35.67
26872201,1930,1,208354,254171,-0.61,-0.12,9.89,-0.02,0.02,-0.16,35.67
26912185,2215,1,207177,252895,-0.73,-0.11,9.90,-0.01,0.01,-0.23,35.67
26952182,1978,1,207210,248756,-0.84,0.00,9.99,-0.02,-0.02,-0.12,35.67
27051903,1744,1,208114,247824,-0.67,-0.15,9.96,-0.03,-0.02,-0.01,35.89
27072202,1728,1,204505,241947,-0.69,-0.13,10.01,-0.03,-0.03,-0.01,35.89
27172211,1744,1,204860,239611,-0.63,-0.13,10.01,-0.04,-0.09,-0.00,35.89
27212203,1895,1,204248,237277,-0.80,-0.02,9.78,-0.05,-0.03,0.15,35.89
27252205,1691,1,203506,235963,-0.51,-0.21,10.02,-0.05,-0.02,0.21,35.89
27292183,1622,1,203682,235822,-0.72,-0.09,9.86,-0.06,-0.02,0.23,35.89
27332183,2160,1,203666,237016,-0.33,-0.15,9.81,-0.06,-0.08,0.23,35.89
27372183,1571,1,204536,239319,-0.47,-0.18,10.02,-0.04,-0.03,0.08,35.89
27412182,1661,1,205233,240603,-0.55,-0.13,9.93,-0.04,-0.02,0.04,35.89
27452184,1743,1,205477,241093,-0.50,-0.15,9.97,-0.04,-0.01,0.06,35.89
27492183,1895,1,205624,240558,-0.47,-0.18,9.93,-0.04,-0.01,0.01,35.89
27532182,2011,1,204966,237770,-0.54,-0.14,9.94,-0.04,-0.00,-0.01,35.89
27572202,1827,1,203722,236920,-0.53,-0.11,9.90,-0.04,0.03,-0.01,35.89
27612183,1610,1,203202,238681,-0.52,-0.13,9.88,-0.03,0.08,-0.01,35.89
27652183,1662,1,204046,241255,-0.62,-0.16,9.96,-0.03,0.15,-0.01,35.89
27692175,1680,1,204322,242227,-0.47,-0.29,10.00,-0.02,0.12,-0.16,35.89
27732181,1669,1,0,0,-0.96,0.00,9.99,-0.02,0.04,-0.20,35.89
28235958,1784,1,0,0,-4.60,-128.47,16.55,-1.30,18.59,-1.02,35.89
28740116,2245,1,0,0,-4.60,-128.47,16.55,-1.30,18.59,-1.02,35.89
29243951,1741,1,0,0,-4.60,-128.47,16.55,-1.30,18.59,-1.02,35.89
29748113,1529,1,0,0,-4.60,-128.47,16.55,-1.30,18.59,-1.02,35.89
30251951,2033,1,0,0,-4.60,-128.47,16.55,-1.30,18.59,-1.02,35.89
30756113,2003,1,0,0,-4.60,-128.47,16.55,-1.30,18.59,-1.02,35.89
31259951,2078,1,0,0,-4.60,-128.47,16.55,-1.30,18.59,-1.02,35.89
31764142,1807,1,0,0,-4.60,-128.47,16.55,-1.30,18.59,-1.02,35.89
32267951,2212,1,0,0,-4.60,-128.47,16.55,-1.30,18.59,-1.02,35.89
32772113,1910,1,0,0,-4.60,-128.47,16.55,-1.30,18.59,-1.02,35.89
33275951,1671,1,0,0,-4.60,-128.47,16.55,-1.30,18.59,-1.02,35.89
33780113,1535,1,0,0,-4.60,-128.47,16.55,-1.30,18.59,-1.02,35.89
34283951,2626,1,0,0,-4.60,-128.47,16.55,-1.30,18.59,-1.02,35.89
34788113,1726,1,0,0,-4.60,-128.47,16.55,-1.30,18.59,-1.02,35.89
35291951,1760,1,0,0,-4.60,-128.47,16.55,-1.30,18.59,-1.02,35.89
35796113,1611,1,0,0,-4.60,-128.47,16.55,-1.30,18.59,-1.02,35.89
36299951,1526,1,0,0,-4.60,-128.47,16.55,-1.30,18.59,-1.02,35.89
36804113,1680,1,0,0,-4.60,-128.47,16.55,-1.30,18.59,-1.02,35.89
37307951,2043,1,0,0,-4.60,-128.47,16.55,-1.30,18.59,-1.02,35.89
37812113,1840,1,0,0,-4.60,-128.47,16.55,-1.30,18.59,-1.02,35.89
38315980,1690,1,0,0,-4.60,-128.47,16.55,-1.30,18.59,-1.02,35.89
38820113,2274,1,0,0,-4.60,-128.47,16.55,-1.30,18.59,-1.02,35.89
39323951,1680,1,0,0,-4.60,-128.47,16.55,-1.30,18.59,-1.02,35.89
39828113,2005,1,0,0,-4.60,-128.47,16.55,-1.30,18.59,-1.02,35.89
40331951,1779,1,0,0,-4.60,-128.47,16.55,-1.30,18.59,-1.02,35.89
40836114,1883,1,0,0,-4.60,-128.47,16.55,-1.30,18.59,-1.02,35.89
41339951,1689,1,0,0,-4.60,-128.47,16.55,-1.30,18.59,-1.02,35.89
41844114,1853,1,0,0,-4.60,-128.47,16.55,-1.30,18.59,-1.02,35.89
42347951,1871,1,0,0,-4.60,-128.47,16.55,-1.30,18.59,-1.02,35.89
42852113,1817,1,0,243406,-4.60,-128.47,16.55,-1.30,18.59,-1.02,35.89
43173185,2016,1,196841,249196,-1.10,0.05,9.97,0.00,-0.07,-0.40,35.89
43213172,1852,1,182145,252439,-0.87,-0.05,9.86,-0.01,-0.08,-0.27,35.89
43253212,1822,1,188565,254223,-0.87,-0.05,9.89,-0.02,-0.01,-0.19,35.89
43293209,3383,1,181672,256157,-0.75,-0.16,9.93,-0.01,-0.03,-0.22,35.89
43333203,1998,1,184069,257563,-0.95,-0.04,9.96,-0.02,-0.02,-0.16,35.89
43373204,1899,1,190211,253279,-0.87,-0.10,9.94,-0.03,-0.02,-0.02,35.89
43413891,1968,1,182210,244039,-0.79,-0.11,9.95,-0.03,-0.04,-0.00,35.85
43452208,2155,1,176020,239565,-0.85,-0.09,10.05,-0.04,-0.07,-0.00,35.85
43492203,2207,1,185139,234035,-1.00,0.03,9.97,-0.05,-0.20,0.14,35.85
43532168,2039,1,183374,0,-0.47,-0.20,9.82,-0.06,-0.04,0.20,35.85
43800962,1529,1,167582,232770,-4.60,-128.47,16.55,-1.30,18.59,-1.02,35.85
43953190,1535,1,166502,236871,-0.57,-0.30,10.30,0.01,0.16,-0.31,35.85
43993172,1770,1,173622,242318,-0.79,-0.21,9.82,0.02,-0.16,-0.61,35.85
44033186,1990,1,188378,243195,-1.11,0.09,9.87,0.02,-0.05,-0.55,35.85
44073168,1814,1,189238,244318,-1.05,0.07,9.87,0.00,-0.04,-0.39,35.85
44113168,1766,1,154606,247716,-0.97,-0.02,9.89,-0.01,-0.02,-0.27,35.85
44153202,1588,1,176136,250989,-0.99,-0.03,9.88,-0.02,-0.04,-0.20,35.85
44193202,1607,1,195624,248644,-0.96,-0.04,9.90,-0.03,-0.01,-0.04,35.85
44233202,1581,1,196894,243532,-0.85,-0.11,9.98,-0.03,-0.04,-0.00,35.85
44273202,1694,1,197819,238834,-0.84,-0.11,10.06,-0.04,-0.20,-0.00,35.85
44313203,1573,1,190484,234634,-0.96,0.07,9.91,-0.05,-0.17,0.08,35.85
44353168,1853,1,188160,229855,-0.64,-0.06,9.70,-0.05,-0.04,0.20,35.85
44393184,1410,1,191705,227551,-0.72,-0.09,10.04,-0.06,-0.03,0.27,35.85
44433870,1342,1,179139,221617,-0.78,-0.13,9.96,-0.07,-0.01,0.39,35.63
44472185,1706,1,159806,215186,-0.71,-0.06,9.92,-0.08,-0.06,0.54,35.63
44512186,1788,1,145971,219116,-0.40,-0.21,9.84,-0.06,0.01,0.31,35.63
44734168,1656,1,126945,227809,-0.76,-0.12,9.95,-0.02,0.30,-0.00,35.63
44774188,1718,1,152262,234400,-0.41,-0.34,9.91,0.01,0.32,-0.20,35.63
44814168,1699,1,161899,236478,-0.76,-0.23,10.22,0.01,-0.03,-0.42,35.63
44854188,1595,1,175349,241849,-1.22,0.06,9.73,0.00,-0.16,-0.45,35.63
44894168,1990,1,188195,245067,-0.70,-0.19,9.84,0.00,-0.04,-0.37,35.63
44934185,1521,1,196861,249201,-1.09,0.03,9.89,-0.00,-0.03,-0.35,35.63
44974204,1577,1,198481,253125,-0.98,-0.02,9.89,-0.02,-0.02,-0.20,35.63
45014209,1734,1,195171,255770,-0.84,-0.12,9.97,-0.02,-0.03,-0.18,35.63
45054205,1862,1,196563,257107,-0.93,-0.04,9.87,-0.02,-0.03,-0.13,35.63
45094209,2146,1,194983,256922,-0.87,-0.09,10.02,-0.03,-0.03,-0.07,35.63
45134205,2178,1,196595,252861,-0.90,-0.07,9.92,-0.03,-0.02,-0.05,35.63
45174204,1879,1,195180,247389,-0.83,-0.09,9.93,-0.03,-0.03,-0.01,35.63
45214206,1871,1,192333,240589,-0.92,-0.10,10.17,-0.04,-0.16,-0.01,35.63
45254202,1883,1,190727,235060,-0.78,-0.03,9.90,-0.04,-0.28,0.01,35.63
45294176,1947,1,191825,230692,-0.85,-0.06,9.92,-0.06,-0.04,0.30,35.63
45334182,1967,1,178001,223410,-0.67,-0.11,9.97,-0.07,0.02,0.41,35.63
45374168,2213,1,163582,216539,-0.54,-0.11,9.83,-0.07,-0.07,0.33,35.63
45414188,2112,1,144381,211090,-0.65,-0.16,10.01,-0.06,-0.04,0.32,35.63
45454879,3088,1,112942,211665,-0.47,-0.07,9.89,-0.06,-0.00,0.31,35.75
45513202,2126,1,110071,212576,-0.56,-0.08,9.79,-0.06,-0.02,0.31,35.75
45573187,2158,1,143917,211945,-0.24,-0.32,9.90,-0.04,0.06,0.17,35.75
45613168,2224,1,157753,218964,-0.47,-0.12,9.70,-0.02,0.17,-0.00,35.75
45653180,2228,1,172567,223260,-0.73,-0.11,9.90,-0.00,0.54,-0.00,35.75
45693219,2054,1,188307,224259,-0.78,-0.30,10.37,-0.00,0.14,-0.24,35.75
45733185,1807,1,191392,228360,-0.74,-0.20,9.93,0.01,-0.03,-0.42,35.75
45773190,1797,1,198332,233325,-1.13,-0.08,9.92,0.02,-0.07,-0.52,35.75
45813184,1781,1,203075,239119,-1.08,0.00,9.84,0.01,-0.19,-0.52,35.75
45853171,1870,1,203282,244010,-1.10,0.06,9.93,-0.01,-0.06,-0.24,35.75
45893204,1990,1,205414,245272,-0.91,-0.04,9.87,-0.03,-0.05,-0.12,35.75
45933208,1856,1,205943,243335,-0.87,-0.09,9.98,-0.04,-0.03,-0.01,35.75
45973203,1840,1,205629,241609,-0.79,-0.12,9.90,-0.04,-0.02,-0.01,35.75
46013207,3485,1,203432,239480,-0.83,-0.13,9.96,-0.03,0.01,-0.00,35.75
46053191,1813,1,204617,236467,-0.84,-0.13,9.97,-0.03,-0.04,-0.01,35.75
46093228,1811,1,203071,232279,-0.80,-0.12,9.96,-0.04,-0.11,-0.01,35.75
46133204,1933,1,200949,227290,-0.78,-0.07,9.90,-0.04,-0.10,-0.00,35.75
46173205,2037,1,198990,221128,-0.81,-0.05,9.90,-0.05,-0.11,0.09,35.75
46213187,2213,1,196171,214622,-0.80,-0.06,9.85,-0.06,-0.02,0.22,35.75
46253191,2085,1,194987,212852,-0.69,-0.14,9.96,-0.06,-0.11,0.18,35.75
46293191,1898,1,181814,211395,-0.81,0.03,9.96,-0.07,-0.15,0.27,35.75
46333171,1856,1,179210,211019,-0.40,-0.21,9.88,-0.06,-0.02,0.27,35.75
46373191,1909,1,182803,211389,-0.38,-0.28,9.99,-0.04,0.02,0.13,35.75
46413171,1928,1,185101,211635,-0.53,-0.17,9.92,-0.04,0.02,0.02,35.75
46453171,1996,1,186804,213782,-0.60,-0.13,9.96,-0.03,0.05,-0.00,35.75
46493877,1900,1,189521,219572,-0.56,-0.13,9.77,-0.03,0.17,-0.00,35.59
46534191,1858,1,190875,222083,-0.89,-0.11,10.15,-0.02,0.20,-0.00,35.59
46574191,3451,1,186531,222735,-0.78,-0.12,9.92,-0.03,0.05,-0.01,35.59
46614191,1776,1,192864,224786,-0.63,-0.22,9.91,-0.02,0.15,-0.05,35.59
46654191,1718,1,194399,227911,-1.08,-0.09,10.17,-0.02,0.09,-0.10,35.59
46694188,1808,1,195488,232501,-0.82,-0.13,9.90,-0.03,-0.06,-0.05,35.59
46733205,1914,1,197825,238056,-0.72,-0.23,9.97,-0.02,-0.03,-0.16,35.59
46773205,2101,1,197101,239149,-0.90,-0.05,9.84,-0.02,-0.13,-0.22,35.59
46813208,2096,1,195587,239732,-0.90,-0.02,9.81,-0.03,-0.04,-0.12,35.59
46853204,1762,1,198503,242645,-0.84,-0.10,9.97,-0.03,-0.05,-0.09,35.59
46893206,1722,1,203893,246762,-0.70,-0.17,9.93,-0.03,-0.01,-0.10,35.59
46933203,1726,1,206484,249931,-0.80,-0.12,9.97,-0.02,-0.02,-0.11,35.59
46973208,1765,1,205880,251779,-0.93,-0.02,9.93,-0.03,-0.04,-0.09,35.59
47013203,1814,1,205894,251134,-0.79,-0.11,9.92,-0.03,-0.02,-0.01,35.59
47053208,1970,1,204811,246739,-0.79,-0.12,9.94,-0.03,-0.02,-0.01,35.59
47093204,1799,1,202177,240002,-0.81,-0.10,10.03,-0.04,-0.11,-0.01,35.59
47133208,1745,1,201261,235791,-0.65,-0.13,9.87,-0.04,-0.15,-0.00,35.59
47173205,3414,1,197859,233975,-0.57,-0.11,9.83,-0.04,-0.13,0.00,35.59
47213191,1670,1,200216,233331,-0.60,-0.16,9.98,-0.04,-0.02,0.03,35.59
47253188,1724,1,199927,232520,-0.76,-0.06,9.98,-0.04,-0.05,0.08,35.59
47293191,1838,1,200227,230852,-0.53,-0.13,9.73,-0.05,-0.06,0.12,35.59
47333191,2005,1,200274,228898,-0.51,-0.14,9.97,-0.04,-0.03,0.06,35.59
47373191,2192,1,199306,224332,-0.85,0.05,9.88,-0.05,-0.04,0.14,35.59
47413171,2096,1,194550,219848,-0.52,-0.15,9.99,-0.05,-0.01,0.23,35.59
47453191,1821,1,190568,216980,-0.50,-0.15,9.90,-0.05,0.01,0.19,35.59
47493859,1842,1,178662,214132,-0.53,-0.13,9.90,-0.05,0.01,0.17,35.81
47534199,1842,1,161824,214243,-0.44,-0.21,9.96,-0.05,0.00,0.16,35.81
47574174,1857,1,162830,219165,-0.44,-0.19,9.85,-0.03,0.06,0.01,35.81
47614176,1837,1,170390,222360,-0.60,-0.12,9.92,-0.03,0.11,-0.00,35.81
47654194,1834,1,171626,224883,-0.62,-0.13,9.85,-0.02,0.25,-0.00,35.81
47694197,1927,1,169824,228390,-0.76,-0.18,10.10,-0.02,0.17,-0.02,35.81
47734213,1677,1,179671,232856,-0.88,-0.10,9.96,-0.01,0.17,-0.14,35.81
47774193,1799,1,186870,237200,-0.73,-0.21,10.06,-0.02,-0.10,-0.22,35.81
47814208,1415,1,194435,242599,-0.83,-0.16,9.94,-0.00,-0.06,-0.33,35.81
47854208,1438,1,204043,246734,-0.90,-0.09,9.94,-0.01,-0.07,-0.24,35.81
47894206,1567,1,196585,249536,-0.85,-0.08,9.90,-0.02,-0.05,-0.19,35.81
47934211,1699,1,177660,252501,-0.68,-0.17,9.93,-0.02,-0.05,-0.23,35.81
47974206,1871,1,200140,255064,-0.90,-0.04,9.94,-0.02,-0.02,-0.21,35.81
48014206,1821,1,211081,254166,-0.86,-0.05,9.90,-0.03,-0.01,-0.09,35.81
48054204,1563,1,210615,251121,-0.80,-0.11,9.97,-0.03,-0.03,-0.01,35.81
48094206,1401,1,207075,243040,-0.88,-0.13,10.24,-0.04,-0.33,-0.01,35.81
48134205,1456,1,204782,239341,-0.41,-0.14,9.64,-0.04,-0.04,-0.01,35.81
48174208,1472,1,204471,237214,-0.66,-0.13,10.05,-0.04,-0.06,-0.00,35.81
48214205,1507,1,203270,235251,-0.88,0.01,9.93,-0.04,-0.04,0.07,35.81
48254171,1518,1,200650,232608,-0.45,-0.22,10.02,-0.05,-0.04,0.14,35.81
48294192,1631,1,195978,229906,-0.55,-0.14,9.96,-0.04,0.01,0.07,35.81
48334172,1556,1,191458,228092,-0.73,-0.11,10.00,-0.05,-0.01,0.13,35.81
48374192,1990,1,192062,227052,-0.50,-0.11,9.95,-0.05,-0.01,0.15,35.81
48414191,1449,1,198620,226160,-0.57,-0.12,9.92,-0.04,-0.02,0.08,35.81
48454185,1456,1,203518,224423,-0.82,0.03,9.98,-0.05,-0.01,0.20,35.81
48494859,1652,1,178627,222236,-0.42,-0.19,9.98,-0.05,-0.01,0.24,35.61
48533192,1937,1,160254,220945,-0.41,-0.19,9.97,-0.04,-0.01,0.11,35.61
48573192,2086,1,171292,215388,-0.73,-0.01,9.93,-0.05,-0.01,0.15,35.61
48613192,2128,1,169139,210212,-0.42,-0.19,9.93,-0.05,-0.01,0.18,35.61
48653192,1778,1,173349,210750,-0.37,-0.23,10.02,-0.04,0.01,0.06,35.61
48693172,1634,1,175415,217154,-0.52,-0.13,9.93,-0.04,0.02,-0.00,35.61
48733192,1644,1,179687,225779,-0.50,-0.14,9.81,-0.03,0.13,-0.00,35.61
48773192,1662,1,182924,232141,-0.67,-0.13,9.88,-0.02,0.29,-0.00,35.61
48813193,1728,1,178231,235495,-0.57,-0.26,9.97,-0.02,0.12,-0.08,35.61
48853194,1773,1,157229,239154,-0.69,-0.29,10.14,-0.00,0.13,-0.23,35.61
48893196,1756,1,170253,243782,-0.85,-0.13,9.88,-0.00,-0.04,-0.34,35.61
48933206,1518,1,188913,248542,-0.70,-0.19,9.92,0.01,-0.04,-0.42,35.61
48973192,1427,1,193036,252324,-1.08,0.06,9.93,0.01,-0.02,-0.44,35.61
49013171,1607,1,204713,255312,-1.03,-0.00,9.87,-0.02,-0.03,-0.17,35.61
49053206,1453,1,211119,257073,-0.80,-0.10,9.93,-0.02,-0.02,-0.12,35.61
49093204,1535,1,211939,258009,-0.80,-0.12,9.94,-0.03,-0.02,-0.10,35.61
49133208,1655,1,211321,258025,-0.90,-0.09,9.95,-0.03,-0.02,-0.07,35.61
49173203,1888,1,210018,254988,-0.81,-0.12,9.96,-0.03,-0.05,-0.01,35.61
49213207,2055,1,207379,243664,-0.77,-0.13,10.03,-0.04,-0.12,-0.01,35.61
49253205,1808,1,203061,235641,-0.74,-0.10,10.01,-0.04,-0.11,-0.00,35.61
49293208,1711,1,199825,233633,-0.61,-0.09,9.81,-0.04,-0.17,0.00,35.61
49333188,1712,1,200343,234704,-0.73,-0.07,9.95,-0.04,-0.07,0.05,35.61
49373237,1783,1,201021,236202,-0.56,-0.12,9.82,-0.04,-0.06,0.10,35.61
49413192,1839,1,201027,236163,-0.60,-0.14,10.00,-0.05,-0.01,0.11,35.61
49453190,1867,1,199050,235831,-0.58,-0.11,9.94,-0.04,-0.02,0.11,35.61
49493189,2063,1,198121,233282,-0.75,-0.06,9.97,-0.05,-0.01,0.19,35.61
49533876,1924,1,191902,231040,-0.58,-0.10,9.94,-0.06,-0.01,0.33,35.69
49574185,1767,1,190196,229356,-0.36,-0.22,9.96,-0.05,0.00,0.16,35.69
49614171,2559,1,191507,229433,-0.74,-0.01,9.88,-0.05,-0.01,0.13,35.69
49654185,1809,1,190761,229633,-0.50,-0.15,9.89,-0.05,-0.01,0.22,35.69
49694186,1861,1,196503,229920,-0.49,-0.19,9.99,-0.05,-0.00,0.13,35.69
49734185,2022,1,191401,232791,-0.41,-0.21,9.97,-0.04,0.02,0.11,35.69
49774168,2198,1,197449,234604,-0.54,-0.14,9.92,-0.03,0.04,-0.00,35.69
49814188,2352,1,181557,232202,-0.55,-0.14,9.88,-0.03,0.05,-0.01,35.69
49854191,2126,1,183027,231862,-0.57,-0.11,9.84,-0.03,0.17,-0.00,35.69
49894191,1894,1,183751,232125,-0.70,-0.15,9.99,-0.02,0.30,-0.01,35.69
49934191,1887,1,170617,235703,-0.84,-0.20,10.22,-0.01,0.14,-0.21,35.69
49974192,1840,1,175561,240757,-0.78,-0.11,9.78,-0.01,-0.15,-0.34,35.69
50014209,1808,1,187026,244380,-0.83,-0.11,9.96,-0.00,0.01,-0.30,35.69
50054191,1763,1,197654,246251,-0.84,-0.06,9.91,-0.01,-0.03,-0.26,35.69
50094203,1939,1,202466,247883,-1.02,0.02,9.91,-0.02,-0.02,-0.12,35.69
50134186,1737,1,203147,249123,-0.70,-0.17,9.92,-0.03,-0.01,-0.09,35.69
50174205,1680,1,202558,249674,-0.88,-0.11,9.95,-0.03,-0.00,-0.09,35.69
50214203,1606,1,205337,248772,-0.85,-0.08,9.96,-0.03,-0.02,-0.02,35.69
50254206,1651,1,204524,245468,-0.80,-0.11,9.96,-0.03,-0.04,-0.01,35.69
50294204,1712,1,202886,241413,-0.85,-0.11,10.05,-0.04,-0.14,-0.01,35.69
50334208,1792,1,201493,238639,-0.63,-0.11,9.90,-0.04,-0.17,-0.00,35.69
50374204,1982,1,200804,236623,-0.64,-0.13,9.96,-0.04,-0.08,-0.00,35.69
50414205,2100,1,200000,233672,-0.70,-0.06,9.90,-0.04,-0.10,0.03,35.69
50454187,1851,1,199375,232436,-0.68,-0.08,9.77,-0.04,-0.06,0.10,35.69
50494191,1667,1,199488,231641,-0.57,-0.15,9.96,-0.05,-0.02,0.15,35.69
50534877,1660,1,198154,229071,-0.90,0.07,9.90,-0.05,-0.01,0.22,35.69
50573171,1739,1,177579,222657,-0.67,-0.04,9.94,-0.07,-0.02,0.43,35.69
50613192,1945,1,163097,216453,-0.34,-0.25,9.93,-0.07,0.00,0.39,35.69
50653171,1951,1,176691,213738,-0.74,-0.06,9.96,-0.06,0.00,0.31,35.69
50693162,1836,1,164740,209323,-0.69,-0.08,9.94,-0.07,-0.00,0.42,35.69
50734185,1962,1,141529,232209,-0.30,-0.24,9.91,-0.06,0.01,0.32,35.69
50913193,1673,1,127286,240311,-0.30,-0.42,9.95,-0.01,0.18,-0.12,35.69
50953201,1802,1,110090,244657,-0.47,-0.51,10.33,0.03,0.16,-0.44,35.69
50993175,1750,1,175687,243901,-1.01,-0.11,9.97,0.03,-0.14,-0.64,35.69
51033192,1497,1,188204,244774,-1.00,0.03,9.82,0.01,-0.02,-0.47,35.69
51073169,1357,1,186385,246833,-1.00,-0.03,9.94,0.00,-0.04,-0.38,35.69
51113191,1328,1,192698,248472,-0.87,-0.11,9.90,-0.01,-0.00,-0.28,35.69
51153206,1287,1,200008,249632,-0.98,-0.03,9.91,-0.01,0.01,-0.20,35.69
51193196,1356,1,198088,250730,-1.01,-0.02,9.93,-0.03,-0.03,-0.09,35.69
51233205,1407,1,201655,249186,-0.87,-0.09,9.94,-0.03,-0.01,-0.01,35.69
51273209,1490,1,200689,243948,-0.88,-0.12,9.99,-0.04,-0.03,-0.00,35.69
51313205,1433,1,201735,239097,-0.81,-0.11,9.96,-0.04,-0.09,-0.00,35.69
51353208,2608,1,199938,235063,-0.83,-0.11,10.08,-0.04,-0.24,-0.00,35.69
51393205,1457,1,200524,232124,-0.76,-0.04,9.74,-0.06,-0.23,0.15,35.69
51433191,1456,1,199016,229192,-0.84,-0.06,10.05,-0.07,0.01,0.35,35.69
51473171,1585,1,195328,224080,-0.59,-0.03,9.79,-0.07,-0.04,0.40,35.69
51513191,1726,1,187826,212983,-0.62,-0.06,9.93,-0.07,0.02,0.49,35.69
51553858,1891,1,186516,204779,-0.32,-0.32,9.95,-0.07,0.07,0.43,35.77
51594171,1981,1,184426,201328,-0.45,-0.22,9.98,-0.05,0.00,0.19,35.77
51634171,1675,1,185592,201279,-0.58,-0.18,9.92,-0.05,-0.04,0.13,35.77
51674191,1665,1,185107,201230,-0.62,-0.14,9.90,-0.04,0.02,0.11,35.77
51714171,1675,1,183078,207020,-0.45,-0.26,9.96,-0.04,-0.00,0.06,35.77
51754191,1770,1,188606,219685,-0.60,-0.14,9.83,-0.03,0.19,-0.00,35.77
51794191,1769,1,194258,225378,-0.75,-0.13,9.94,-0.02,0.22,-0.01,35.77
51834191,1941,1,193930,229643,-0.24,-0.44,9.95,0.01,0.28,-0.22,35.77
51874171,1742,1,196997,234524,-1.07,-0.43,10.27,0.03,-0.04,-0.60,35.77
51914192,1764,1,199444,240124,-0.77,-0.07,9.65,0.02,-0.14,-0.55,35.77
51954192,2452,1,200840,245214,-0.91,-0.13,10.04,0.02,0.00,-0.51,35.77
51994171,1712,1,205809,247563,-0.92,-0.01,9.87,0.01,-0.07,-0.47,35.77
52034193,1830,1,206856,248631,-1.22,0.06,9.93,-0.01,-0.03,-0.25,35.77
52074192,1887,1,207907,246918,-0.95,-0.06,9.95,-0.03,-0.01,-0.03,35.77
52114205,2075,1,205968,238709,-0.82,-0.11,9.93,-0.03,-0.05,-0.00,35.77
52154209,2207,1,201799,229146,-0.91,-0.09,10.15,-0.04,-0.16,-0.01,35.77
52194207,2057,1,200462,225097,-0.88,0.02,9.81,-0.05,-0.25,0.04,35.77
52234172,1846,1,199949,224434,-0.35,-0.26,9.82,-0.05,-0.09,0.06,35.77
52274192,1871,1,200394,224222,-0.88,-0.05,10.04,-0.04,-0.10,0.04,35.77
52314197,1979,1,194292,223499,-0.88,0.01,9.88,-0.06,-0.03,0.28,35.77
52354176,2064,1,183084,220146,-0.50,-0.09,10.08,-0.07,-0.05,0.38,35.77
52394197,2258,1,175500,213040,-0.85,0.05,9.92,-0.06,0.00,0.34,35.77
52434163,2209,1,162429,207849,-0.66,-0.08,9.99,-0.08,0.01,0.51,35.77
52474175,2149,1,163958,205527,-0.31,-0.23,9.97,-0.07,0.03,0.48,35.77
52514176,3289,1,165427,207481,-0.23,-0.40,10.05,-0.05,0.04,0.25,35.77
52554896,1921,1,178605,211997,-0.53,-0.15,9.93,-0.03,0.06,0.01,35.37
52593175,1973,1,183967,222242,-0.64,-0.13,9.96,-0.03,0.05,-0.01,35.37
52633195,2009,1,187423,230470,-0.62,-0.14,9.84,-0.03,0.21,-0.00,35.37
52673196,2114,1,184549,234240,-0.80,-0.12,10.06,-0.03,0.16,-0.01,35.37
52713198,2226,1,175011,235997,-0.44,-0.27,9.83,0.00,0.27,-0.17,35.37
52753174,2143,1,192614,238820,-0.89,-0.32,10.34,0.00,-0.10,-0.36,35.37
52793195,1835,1,192147,242258,-0.60,-0.18,9.66,0.01,-0.05,-0.46,35.37
52833194,1738,1,191790,246793,-1.04,-0.11,10.12,0.02,-0.02,-0.50,35.37
52873197,1741,1,189485,249867,-0.97,0.02,9.81,-0.00,-0.10,-0.38,35.37
52913194,1766,1,179777,251808,-0.79,-0.13,10.00,-0.01,-0.04,-0.30,35.37
52953212,1717,1,207834,253447,-0.84,-0.09,9.92,-0.01,-0.02,-0.27,35.37
52993211,1616,1,203062,253768,-0.87,-0.06,9.94,-0.02,-0.03,-0.18,35.37
53033211,1601,1,197908,253845,-0.85,-0.08,9.90,-0.02,-0.02,-0.14,35.37
53073211,3225,1,205853,252638,-0.96,-0.04,9.97,-0.03,-0.02,-0.03,35.37
53113212,1487,1,208193,248807,-0.78,-0.11,9.95,-0.03,-0.03,-0.01,35.37
53153211,1502,1,205476,240986,-0.79,-0.10,10.02,-0.03,-0.08,-0.00,35.37
53193212,1629,1,201353,236506,-0.95,0.01,10.10,-0.04,-0.19,0.02,35.37
53233174,1747,1,201914,233263,-0.96,0.13,9.47,-0.08,-0.14,0.40,35.37
53273176,1943,1,198408,227278,-0.63,-0.12,9.96,-0.08,-0.03,0.48,35.37
53313196,1994,1,195997,219864,-0.49,-0.15,9.92,-0.07,-0.01,0.44,35.37
53353195,1719,1,194558,208602,-0.61,-0.10,9.93,-0.07,-0.01,0.41,35.37
53393194,1766,1,174043,201490,-0.49,-0.22,9.99,-0.07,-0.00,0.38,35.37
53433197,1872,1,158417,197722,-0.62,-0.13,9.97,-0.07,0.02,0.37,35.37
53473200,1978,1,155921,196833,-0.35,-0.31,9.96,-0.06,-0.00,0.30,35.37
53513196,1978,1,151119,202773,-0.42,-0.26,9.97,-0.04,0.03,0.13,35.37
53553172,1980,1,159477,216988,-0.49,-0.17,9.78,-0.03,0.10,0.00,35.37
53593862,1780,1,161316,227217,-0.70,-0.13,9.99,-0.02,0.25,-0.00,35.23
53634193,2960,1,159553,234421,-0.17,-0.42,9.76,0.00,0.29,-0.18,35.23
53674213,1520,1,178545,239691,-0.70,-0.55,10.51,0.04,0.04,-0.60,35.23
53714173,1519,1,185155,244282,-0.84,-0.07,9.68,0.04,-0.04,-0.73,35.23
53754196,1694,1,190608,249747,-1.14,0.00,10.01,0.03,-0.03,-0.62,35.23
53794173,1693,1,201947,252652,-1.11,0.05,9.79,0.00,-0.07,-0.42,35.23
53834175,1805,1,204283,250329,-1.07,0.03,9.89,-0.01,-0.02,-0.24,35.23
53874192,1985,1,198065,245829,-1.01,-0.01,9.92,-0.03,-0.03,-0.07,35.23
53914210,1638,1,200640,245262,-0.82,-0.12,9.88,-0.03,-0.03,-0.01,35.23
53954210,1561,1,200486,243737,-0.85,-0.11,9.95,-0.03,-0.00,-0.01,35.23
53994211,1554,1,199871,239981,-0.86,-0.10,9.96,-0.03,-0.04,-0.00,35.23
54034211,1596,1,197177,235608,-0.92,-0.11,10.14,-0.04,-0.19,-0.01,35.23
54074213,1638,1,197970,232386,-0.63,-0.07,9.74,-0.04,-0.18,0.01,35.23
54114197,1744,1,194720,230799,-0.73,-0.11,9.98,-0.05,-0.14,0.09,35.23
54154196,1614,1,198809,230679,-0.75,-0.02,9.80,-0.05,-0.01,0.19,35.23
54194193,2000,1,200768,230832,-0.50,-0.18,9.93,-0.05,-0.06,0.18,35.23
54234193,1461,1,202075,228079,-0.83,0.03,9.94,-0.05,-0.02,0.18,35.23
54274174,1582,1,194853,221502,-0.91,0.08,9.91,-0.07,-0.04,0.41,35.23
54314171,1666,1,191253,213772,-0.53,-0.16,9.80,-0.08,-0.03,0.49,35.23
54354195,2115,1,126950,211644,-0.51,-0.12,9.97,-0.07,-0.01,0.42,35.23
54394197,2175,1,157661,212536,-0.52,-0.19,10.02,-0.07,-0.02,0.42,35.23
54434195,2207,1,144390,209913,-0.18,-0.31,9.91,-0.06,0.01,0.26,35.23
54474177,1922,1,147063,209634,-0.30,-0.28,9.92,-0.03,0.10,0.07,35.23
54514173,1691,1,168967,213880,-0.54,-0.14,9.76,-0.02,0.30,-0.00,35.23
54554196,1661,1,180808,222385,-1.02,-0.13,10.27,-0.01,0.36,-0.01,35.23
54594880,1584,1,182554,227463,-0.44,-0.36,9.94,-0.01,0.08,-0.19,35.21
54633192,1799,1,179902,233201,-0.72,-0.28,9.97,0.02,-0.03,-0.51,35.21
54673191,1881,1,186551,237551,-1.20,0.03,9.96,0.01,-0.10,-0.45,35.21
54713174,1744,1,173952,243609,-0.79,-0.09,9.76,-0.00,-0.05,-0.33,35.21
54753204,1341,1,209194,246547,-0.84,-0.14,9.96,0.01,0.04,-0.36,35.21
54793171,1347,1,206067,250119,-0.94,-0.08,9.98,-0.01,-0.12,-0.33,35.21
54833205,1517,1,205543,252105,-0.99,0.03,9.83,-0.01,-0.03,-0.24,35.21
54873191,1623,1,207289,252805,-0.93,-0.09,10.03,-0.02,0.02,-0.15,35.21
54913188,1847,1,202352,252204,-0.91,-0.07,9.92,-0.03,-0.02,-0.02,35.21
54953206,2042,1,204501,250063,-0.82,-0.12,9.93,-0.03,-0.01,-0.01,35.21
54993204,2071,1,202752,242292,-0.79,-0.12,9.94,-0.03,-0.01,-0.01,35.21
55033208,1786,1,200482,237638,-0.79,-0.11,9.94,-0.03,-0.02,-0.01,35.21
55073204,1648,1,198342,231666,-0.82,-0.12,9.97,-0.03,-0.03,-0.00,35.21
55113211,1666,1,195777,225027,-0.76,-0.09,9.98,-0.04,-0.22,-0.00,35.21
55153204,1696,1,193528,220723,-0.79,-0.03,9.80,-0.04,-0.10,0.06,35.21
55193191,1752,1,192080,219114,-0.73,-0.04,9.79,-0.06,-0.13,0.16,35.21
55233192,1790,1,190850,215418,-0.74,0.03,9.86,-0.06,-0.01,0.26,35.21
55273171,1707,1,188253,211784,-0.57,-0.12,9.86,-0.06,-0.03,0.29,35.21
55313198,2031,1,180572,209120,-0.52,-0.20,9.96,-0.06,-0.00,0.24,35.21
55353195,1612,1,165527,205494,-0.62,-0.11,10.00,-0.06,-0.02,0.21,35.21
55393195,1796,1,144957,203884,-0.64,-0.12,9.95,-0.05,0.00,0.22,35.21
55433176,1879,1,131199,203223,-0.51,-0.18,9.90,-0.05,0.02,0.21,35.21
55473174,1914,1,153094,207139,-0.51,-0.23,9.99,-0.05,0.02,0.14,35.21
55513176,2017,1,163733,217074,-0.52,-0.16,9.81,-0.03,0.09,0.00,35.21
55553174,2038,1,162833,219104,-0.70,-0.15,9.95,-0.03,0.19,-0.00,35.21
55595197,1650,1,172436,221565,-0.76,-0.11,9.97,-0.03,0.16,-0.01,35.21
55635884,1475,1,174122,226416,-0.53,-0.27,9.92,-0.01,0.14,-0.13,35.35
55674196,1490,1,187261,234676,-0.78,-0.30,10.21,-0.00,-0.04,-0.33,35.35
55714206,1381,1,192094,242428,-0.81,-0.14,9.86,0.01,-0.06,-0.45,35.35
55754192,1434,1,189456,246698,-1.02,-0.01,9.99,-0.00,-0.03,-0.35,35.35
55794210,1489,1,189462,250462,-0.83,-0.08,9.84,-0.00,-0.05,-0.33,35.35
55834208,1444,1,193430,253880,-0.87,-0.06,9.97,-0.01,-0.02,-0.24,35.35
55874205,2273,1,202745,256169,-0.79,-0.11,9.96,-0.02,-0.01,-0.19,35.35
55914207,1270,1,215773,256640,-1.02,-0.02,9.90,-0.02,0.02,-0.14,35.35
55954188,1094,1,217866,255270,-0.93,-0.05,9.92,-0.03,-0.02,-0.03,35.35
55994206,1201,1,216719,251032,-0.84,-0.11,9.97,-0.03,-0.05,-0.01,35.35
56034204,1341,1,213406,242714,-0.83,-0.10,10.06,-0.04,-0.11,-0.01,35.35
56074208,1586,1,209192,233652,-0.71,-0.11,9.91,-0.04,-0.10,-0.00,35.35
56114204,1605,1,205507,226616,-0.94,-0.01,10.01,-0.04,-0.18,0.04,35.35
56154191,1369,1,203303,222003,-0.58,-0.04,9.64,-0.05,-0.06,0.18,35.35
56194191,1371,1,200372,216899,-0.70,-0.07,10.00,-0.05,-0.01,0.22,35.35
56234192,1486,1,193852,212311,-0.63,-0.08,9.87,-0.05,-0.00,0.21,35.35
56274192,1456,1,196700,210908,-0.80,-0.05,10.02,-0.06,-0.02,0.27,35.35
56314193,1758,1,182514,208941,-0.60,-0.11,9.94,-0.07,-0.00,0.38,35.35
56354193,1712,1,191106,206822,-0.54,-0.21,9.95,-0.06,0.02,0.29,35.35
56394172,1594,1,191507,204480,-0.60,-0.14,9.96,-0.06,-0.02,0.25,35.35
56434192,2784,1,188280,203288,-0.51,-0.19,9.93,-0.05,0.01,0.20,35.35
56474175,1653,1,186809,203307,-0.48,-0.23,9.94,-0.04,0.02,0.08,35.35
56514172,1671,1,189607,213933,-0.60,-0.15,9.86,-0.03,0.09,-0.00,35.35
56554196,1750,1,197050,223603,-0.71,-0.11,9.90,-0.02,0.23,-0.00,35.35
56594192,1895,1,199051,229496,-0.74,-0.21,10.10,-0.02,0.18,-0.02,35.35
56634202,2097,1,200979,231985,-0.58,-0.33,10.12,0.00,0.13,-0.28,35.35
56674859,1917,1,203000,235072,-0.69,-0.27,10.00,0.02,-0.16,-0.58,35.61
56715192,1694,1,203437,240040,-1.12,0.09,9.89,0.01,-0.01,-0.49,35.61
56755172,1968,1,197760,245409,-0.96,0.00,9.83,-0.00,-0.06,-0.35,35.61
56795192,1862,1,205606,248798,-1.03,0.02,9.93,-0.01,-0.02,-0.22,35.61
56835192,1895,1,206409,251627,-0.75,-0.14,9.90,-0.02,-0.02,-0.13,35.61
56875210,1984,1,208153,253296,-0.83,-0.13,10.00,-0.01,-0.01,-0.22,35.61
56915206,2031,1,208421,252331,-0.96,0.00,9.92,-0.03,-0.02,-0.07,35.61
56955225,1952,1,208729,246929,-0.79,-0.11,9.93,-0.03,-0.03,-0.01,35.61
56995206,3248,1,201598,238223,-0.82,-0.12,9.98,-0.03,-0.04,-0.01,35.61
57035209,1852,1,201315,232347,-0.78,-0.12,9.99,-0.04,-0.16,-0.00,35.61
57075207,1879,1,198842,228830,-0.94,0.05,9.89,-0.05,-0.17,0.13,35.61
57115171,1939,1,197795,225564,-0.62,-0.07,9.84,-0.06,0.01,0.24,35.61
57155215,2096,1,194503,221913,-0.79,-0.02,9.95,-0.06,-0.06,0.30,35.61
57195192,2448,1,184326,215280,-0.69,-0.08,9.88,-0.07,-0.02,0.40,35.61
57235189,2367,1,188955,207684,-0.60,-0.16,10.00,-0.07,0.00,0.42,35.61
57275171,1936,1,189836,206147,-0.48,-0.25,9.99,-0.07,-0.02,0.39,35.61
57315192,1903,1,190162,208170,-0.34,-0.30,9.96,-0.05,0.00,0.19,35.61
57355172,1854,1,192309,210303,-0.66,-0.13,10.01,-0.04,0.01,0.11,35.61
57395172,1823,1,194068,215587,-0.47,-0.22,9.91,-0.04,0.00,0.02,35.61
57435172,1895,1,195951,218432,-0.68,-0.12,10.02,-0.03,0.01,-0.00,35.61
57475192,1777,1,196373,219868,-0.64,-0.13,9.95,-0.03,0.00,-0.00,35.61
57515192,1726,1,196979,220274,-0.64,-0.12,9.93,-0.03,0.00,-0.01,35.61
57555193,3425,1,195316,220192,-0.66,-0.15,9.93,-0.03,0.04,-0.01,35.61
57595192,1677,1,197505,220751,-0.72,-0.11,9.98,-0.03,0.02,-0.00,35.61
57635192,1709,1,197859,221090,-0.63,-0.11,9.89,-0.03,-0.00,-0.01,35.61
57675895,1819,1,198434,220785,-0.71,-0.13,9.96,-0.03,0.06,-0.01,35.67
57714192,2027,1,198401,220900,-0.73,-0.12,9.96,-0.04,0.01,-0.01,35.67
57754191,2181,1,197929,219002,-0.68,-0.10,9.91,-0.03,0.04,-0.01,35.67
57795191,2026,1,197217,218582,-0.77,-0.12,9.99,-0.03,0.05,-0.00,35.67
57835191,1750,1,197687,220595,-0.74,-0.12,9.88,-0.04,0.00,-0.01,35.67
57875191,1679,1,198460,222574,-0.74,-0.14,9.88,-0.03,0.07,-0.01,35.67
57915191,1648,1,199280,224284,-0.52,-0.23,9.79,-0.02,0.14,-0.08,35.67
57955192,1610,1,200452,226765,-1.10,-0.09,10.16,-0.02,0.09,-0.10,35.67
57995192,1633,1,201695,229500,-0.90,-0.10,9.92,-0.03,-0.11,-0.08,35.67
58035205,1567,1,202414,230571,-0.64,-0.19,9.81,-0.02,0.02,-0.14,35.67
58075191,1715,1,199335,230983,-0.75,-0.25,10.05,-0.01,-0.01,-0.28,35.67
58115205,3499,1,190132,232572,-0.97,-0.07,9.96,-0.01,-0.02,-0.28,35.67
58155208,1795,1,195177,233659,-0.79,-0.13,9.84,-0.01,-0.06,-0.27,35.67
58195205,1744,1,195916,235543,-0.92,-0.07,9.95,-0.01,-0.00,-0.24,35.67
58235209,1759,1,201328,237948,-0.83,-0.11,9.95,-0.02,-0.01,-0.19,35.67
58275204,1875,1,202190,240014,-0.82,-0.14,9.98,-0.01,0.01,-0.22,35.67
58315192,2064,1,203339,236439,-0.98,-0.01,9.88,-0.02,-0.00,-0.17,35.67
58355204,1885,1,204468,233625,-0.96,-0.04,9.98,-0.03,-0.01,-0.08,35.67
58395206,1491,1,204697,232457,-0.88,-0.09,9.93,-0.03,-0.01,-0.01,35.67
58435204,1486,1,204132,231604,-0.85,-0.12,9.93,-0.03,-0.01,-0.01,35.67
58475208,1509,1,203982,230917,-0.84,-0.10,9.95,-0.04,-0.02,-0.00,35.67
58515205,1534,1,203563,229807,-0.85,-0.10,10.00,-0.04,-0.06,-0.01,35.67
58555206,1520,1,202952,228238,-0.74,-0.11,9.92,-0.04,-0.15,-0.01,35.67
58595205,1652,1,202298,227056,-0.70,-0.13,9.90,-0.04,-0.02,-0.00,35.67
58635205,1535,1,201950,225988,-0.76,-0.10,10.02,-0.04,-0.11,-0.00,35.67
58675891,2135,1,201250,224046,-0.69,-0.12,9.95,-0.04,-0.11,0.01,36.37
58714191,1503,1,200754,222086,-0.65,-0.11,9.96,-0.04,-0.09,0.02,36.37
58754191,1519,1,199810,219186,-0.61,-0.11,9.90,-0.04,-0.04,0.04,36.37
58794225,1638,1,198940,215660,-0.69,-0.10,10.00,-0.04,-0.03,0.05,36.37
58834187,1727,1,197407,211789,-0.55,-0.12,9.95,-0.04,-0.04,0.03,36.37
58874192,1927,1,196257,207532,-0.80,-0.04,9.91,-0.05,-0.06,0.09,36.37
58914188,1997,1,193950,202526,-0.52,-0.13,9.94,-0.05,-0.01,0.14,36.37
58954192,1682,1,192718,200568,-0.70,-0.06,9.94,-0.05,-0.02,0.17,36.37
58994192,1651,1,191531,198569,-0.69,-0.05,9.90,-0.05,-0.02,0.20,36.37
59034192,1650,1,190163,197462,-0.61,-0.07,9.98,-0.06,0.00,0.27,36.37
59074171,1698,1,189618,198038,-0.49,-0.19,9.96,-0.06,-0.01,0.23,36.37
59114196,1776,1,187903,197190,-0.69,-0.03,9.92,-0.05,-0.01,0.22,36.37
59154192,1922,1,186177,195118,-0.53,-0.15,9.94,-0.06,0.01,0.26,36.37
59194174,1914,1,181135,194013,-0.34,-0.29,9.97,-0.05,0.02,0.20,36.37
59234175,1920,1,180392,194252,-0.52,-0.17,9.98,-0.04,0.03,0.05,36.37
59274175,3290,1,176913,197608,-0.54,-0.14,9.96,-0.04,0.02,0.02,36.37
59314172,1969,1,180637,203717,-0.58,-0.13,9.87,-0.03,0.12,-0.00,36.37
59354192,1967,1,184636,210272,-0.66,-0.14,9.95,-0.03,0.16,-0.00,36.37
59394192,2029,1,189396,215309,-0.78,-0.11,9.94,-0.03,0.16,-0.01,36.37
59434191,2108,1,193148,218294,-0.85,-0.12,9.97,-0.03,0.12,-0.01,36.37
59474191,2240,1,195329,215349,-0.73,-0.18,9.84,-0.01,0.18,-0.08,36.37
59514191,1974,1,195156,206348,-1.23,-0.03,10.15,-0.03,0.05,-0.05,36.37
59554192,1687,1,192125,202294,-0.87,-0.10,9.85,-0.04,-0.04,-0.01,36.37
59594206,1675,1,193107,208358,-0.90,-0.15,9.92,-0.03,0.02,-0.01,36.37
59634191,1737,1,195444,213865,-0.88,-0.17,9.93,-0.02,0.03,-0.08,36.37
59674192,1741,1,196815,215861,-1.24,0.02,10.10,-0.04,-0.15,-0.09,36.37
59714878,1729,1,197427,218434,-0.65,-0.13,9.65,-0.04,-0.14,-0.02,36.39
59755208,1793,1,198619,220336,-0.87,-0.16,10.08,-0.03,-0.01,-0.05,36.39
59795205,1744,1,199084,221369,-0.76,-0.14,9.88,-0.03,-0.01,-0.08,36.39
59834208,2762,1,198717,221901,-0.82,-0.16,9.96,-0.03,0.00,-0.07,36.39
59874191,1746,1,199728,223079,-0.78,-0.15,9.94,-0.02,0.01,-0.10,36.39
59914191,1761,1,200507,225193,-0.79,-0.17,9.97,-0.02,0.05,-0.14,36.39
59954191,1826,1,201702,228885,-0.75,-0.21,9.96,-0.01,-0.03,-0.23,36.39
59994208,1974,1,202032,232973,-0.94,-0.10,9.97,-0.00,0.02,-0.30,36.39
60034187,2515,1,197354,234411,-0.93,-0.06,9.89,-0.01,-0.05,-0.27,36.39
60074206,2329,1,202817,234294,-0.92,-0.11,10.02,-0.01,0.00,-0.22,36.39
60114191,1953,1,204181,234572,-1.05,0.02,9.85,-0.03,-0.04,-0.11,36.39
60154197,1874,1,204377,234366,-0.88,-0.09,9.93,-0.03,-0.01,-0.02,36.39
60194204,1904,1,204186,233911,-0.82,-0.10,9.93,-0.04,-0.03,-0.01,36.39
60234221,1933,1,203572,233124,-0.82,-0.11,9.96,-0.04,-0.04,-0.00,36.39
60274204,1937,1,202918,231560,-0.82,-0.09,9.91,-0.03,-0.00,-0.01,36.39
60314206,2098,1,202083,229655,-0.84,-0.11,9.94,-0.04,-0.02,-0.01,36.39
60354204,1900,1,201032,227542,-0.85,-0.11,9.99,-0.04,-0.06,-0.01,36.39
60394208,1936,1,199577,225254,-0.82,-0.10,10.04,-0.04,-0.17,-0.01,36.39
60434238,1744,1,198975,223621,-0.66,-0.09,9.85,-0.04,-0.15,0.00,36.39
60474192,1863,1,198115,223398,-0.66,-0.11,9.93,-0.05,-0.15,0.06,36.39
60514191,1901,1,197558,223516,-0.51,-0.17,9.88,-0.04,0.01,0.02,36.39
60554171,1989,1,197724,223159,-0.69,-0.08,10.01,-0.04,-0.03,0.01,36.39
60594191,2187,1,197498,222462,-0.62,-0.10,9.88,-0.04,-0.02,0.08,36.39
60634213,2242,1,196718,220173,-0.56,-0.14,9.94,-0.04,-0.01,0.04,36.39
60674192,1984,1,196209,217475,-0.70,-0.07,9.94,-0.04,0.00,0.07,36.39
60714858,1753,1,196482,214350,-0.70,-0.08,9.93,-0.05,0.00,0.14,36.07
60755168,1794,1,195670,212071,-0.47,-0.18,9.91,-0.04,-0.00,0.11,36.07
60795191,1840,1,194982,211866,-0.70,-0.08,9.97,-0.04,-0.01,0.07,36.07
60835187,1795,1,194254,211065,-0.68,-0.06,9.93,-0.05,-0.03,0.15,36.07
60875192,1997,1,192604,210562,-0.58,-0.12,9.94,-0.05,0.00,0.16,36.07
60915171,1842,1,190599,211591,-0.54,-0.18,9.95,-0.05,-0.02,0.12,36.07
60955192,1851,1,193117,213913,-0.67,-0.08,9.92,-0.05,-0.03,0.16,36.07
60995194,3103,1,186552,214211,-0.46,-0.21,9.91,-0.05,-0.01,0.15,36.07
61035194,1810,1,185089,213458,-0.55,-0.16,9.95,-0.04,0.02,0.09,36.07
61075173,1834,1,185106,216078,-0.59,-0.16,10.02,-0.04,0.01,0.05,36.07
61115175,1885,1,186191,219259,-0.58,-0.14,9.97,-0.04,-0.00,0.01,36.07
61155194,2017,1,188188,220396,-0.58,-0.13,9.87,-0.03,0.07,-0.01,36.07
61195197,2128,1,191603,217810,-0.72,-0.10,10.03,-0.03,0.09,-0.01,36.07
61235193,1968,1,191573,217330,-0.65,-0.11,9.95,-0.04,-0.03,-0.01,36.07
61275210,1728,1,191712,217610,-0.67,-0.12,9.97,-0.03,0.01,-0.01,36.07
61315193,1744,1,191690,218681,-0.63,-0.12,9.89,-0.03,0.03,-0.01,36.07
61355206,1729,1,192526,218782,-0.69,-0.12,9.89,-0.03,0.10,-0.00,36.07
61395193,1747,1,193073,217233,-0.73,-0.13,9.90,-0.03,0.18,-0.01,36.07
61435192,1793,1,194856,213467,-1.04,-0.08,10.19,-0.03,0.05,-0.04,36.07
61475198,1685,1,194025,210141,-0.62,-0.17,9.78,-0.03,-0.03,-0.04,36.07
61515209,1678,1,193025,208872,-0.72,-0.19,9.99,-0.01,0.11,-0.15,36.07
61555193,3447,1,193735,215343,-0.75,-0.17,9.92,-0.00,-0.01,-0.29,36.07
61595209,1614,1,197800,220057,-0.89,-0.11,9.90,0.01,0.06,-0.35,36.07
61635171,1825,1,193337,224267,-0.85,-0.14,9.99,-0.00,-0.08,-0.35,36.07
61675208,1890,1,199333,228514,-0.85,-0.11,9.94,0.00,-0.03,-0.37,36.07
